age,weight_kg,height_cm,bmi,neck_cm,abdomen_cm,bodyfat_pct
26,101.151016,178.435,31.76948384519481,40.6,106.8,25.2
54,73.368506,171.45,24.95943193258129,37.4,87.6,11.5
53,101.83140399999999,197.485,26.11039867296388,41.1,99.2,17.4
67,75.749864,171.45,25.76955259809011,36.5,89.7,26.6
26,83.80112199999999,183.51500000000001,24.88322675906615,37.4,86.4,10.4
40,72.688118,174.625,23.83694455190563,36.9,83.3,14.7
46,70.987148,173.355,23.621473404575173,35.9,88.2,17.8
65,86.069082,167.005,30.85945297221306,40.8,100.5,29.9
49,96.501698,190.5,26.59163218770882,40.8,106.6,20.4
47,68.719188,169.54500000000002,23.90606223791246,36.9,86.1,16.0
51,99.336648,162.56,37.59084774028923,41.2,122.1,47.5
27,90.83179799999999,186.69,26.061283442850097,38.2,100.1,21.0
40,80.172386,180.34,24.651348310829928,37.4,93.1,24.9
64,72.57472,167.005,26.021146116227087,36.5,90.9,23.1
64,68.152198,170.815,23.3575806132555,38.1,89.0,26.8
49,69.28617799999999,186.69,19.879455909589772,35.1,79.6,6.3
31,63.616278,173.355,21.16876450473909,33.9,76.4,15.6
35,101.944802,183.51500000000001,30.270664217050705,43.9,100.4,20.3
41,78.358018,180.975,23.92468738646311,36.3,89.2,20.1
58,79.605396,181.61,24.1358717936762,38.0,88.1,15.4
35,75.40967,172.72,25.277945992743195,38.5,90.4,21.8
53,70.079964,175.895,22.650973988624465,37.6,88.7,15.0
41,76.31685399999999,176.53,24.489697279172,36.5,87.2,24.4
61,67.245014,171.45,22.876264506987177,36.0,81.8,18.5
47,72.80151599999999,178.435,22.865480525353213,36.0,83.9,9.6
40,63.162686,175.26,20.563402458457933,34.3,77.9,6.6
48,79.83219199999999,185.42000000000002,23.220143569204378,36.7,86.5,14.1
27,97.975872,193.04,26.292054246158354,39.4,90.9,7.8
34,63.50288,179.07,19.803764571062164,36.0,83.4,15.1
22,69.853168,168.275,24.668736648260055,34.0,87.9,25.3
28,68.60579,172.085,23.167263447583633,34.5,76.3,14.0
54,91.85238,179.705,28.442652297908072,40.5,105.3,31.5
40,71.667536,175.895,23.164102849208188,36.3,86.6,16.7
47,89.357624,182.88,26.71770721627863,40.0,94.0,22.2
55,70.193362,181.61,21.28220034228713,36.9,86.6,13.8
44,84.368112,177.165,26.879579685085297,37.8,101.1,27.1
70,77.450834,177.8,24.49980261185012,38.7,94.9,27.0
25,79.83219199999999,184.15,23.541525817891106,37.8,88.5,12.4
56,81.07957,173.99,26.783224433303786,35.6,94.7,29.8
28,82.78054,183.51500000000001,24.580183402054523,37.0,90.8,10.0
68,70.533556,175.895,22.79758223450553,36.3,84.3,15.2
50,71.213944,169.54500000000002,24.773939084833376,37.8,89.4,26.1
25,86.636072,187.96,24.522677168071645,38.1,82.5,4.1
66,77.67763,175.895,25.10666210713229,37.4,98.6,18.8
31,67.131616,171.45,22.83768733243914,38.8,88.7,22.9
41,69.399576,175.895,22.431061619802865,36.4,80.6,11.4
61,80.739376,170.18,27.878432410908037,37.4,99.7,25.8
55,90.038012,188.595,25.314278174498373,38.3,96.7,25.2
54,68.719188,179.705,21.279317645101596,35.6,83.9,21.5
37,65.884238,175.895,21.294847714224616,36.0,79.4,9.9
67,103.305578,184.785,30.25452531697685,41.3,113.4,32.6
43,77.450834,173.99,25.584534668456623,37.2,90.6,19.7
39,67.358412,180.975,20.566229099217203,34.6,79.5,5.6
44,84.027918,181.61,25.476753559991543,39.5,98.1,25.3
72,84.708306,167.64000000000001,30.14190470529701,38.9,111.5,29.3
47,72.461322,179.705,22.4380923683497,34.5,84.4,10.8
81,73.14171,178.435,22.972328565191315,37.8,95.4,21.5
55,66.564626,174.625,21.82884001867177,38.7,82.8,8.8
29,72.688118,180.975,22.193523320872437,37.3,84.5,5.7
43,80.852774,178.435,25.394217468188227,37.8,89.2,12.2
64,86.295878,184.785,25.272989864126657,39.3,97.8,18.4
42,76.203456,181.61,23.104424281125937,36.5,89.7,17.7
30,93.099758,180.975,28.42571395699886,39.4,101.8,21.2
49,77.904426,181.61,23.620148037401066,35.5,90.1,18.1
23,89.924614,186.69,25.800995967765456,42.1,88.6,11.7
28,83.34753,172.085,28.145353114006564,38.0,89.6,16.0
44,81.533162,176.53,26.16358446318673,39.2,93.2,18.2
42,80.51258,174.625,26.40285589992667,38.9,92.1,27.2
63,99.40468680000001,176.53,31.898467511028496,40.2,113.8,27.3
44,83.460928,187.96,23.623940308508807,37.9,89.1,6.0
35,85.161898,176.53,27.328027721631756,40.5,96.4,22.1
45,119.181298,174.625,39.08366415608864,43.2,126.2,34.5
40,60.554532,171.45,20.600211208652873,33.6,73.7,10.8
54,69.512974,179.07,21.678049432251974,38.5,91.8,12.4
27,76.203456,180.975,23.26684504153865,38.1,79.1,11.8
24,94.573932,184.785,27.697337117847084,39.2,99.1,19.2
48,80.399182,184.785,23.546057573805253,36.8,90.0,20.1
60,71.554138,171.45,24.34219713981266,40.4,93.3,25.8
27,60.441134,164.465,22.34527095729405,36.4,73.9,3.7
57,93.213156,177.8,29.48585321660439,40.1,105.5,32.3
26,109.655866,189.23,30.623293046955453,41.8,102.9,19.6
40,78.584814,176.53,25.21747431570014,36.5,93.0,18.3
35,73.822098,167.64000000000001,26.268246269274904,36.4,92.8,20.9
48,98.429464,177.8,31.13591312896911,37.3,111.2,31.6
61,81.533162,167.005,29.23313133994887,38.4,98.3,24.6
38,85.61549,186.055,24.732593257193404,37.5,91.6,9.6
50,88.337042,179.705,27.354106345765913,39.0,97.6,18.7
40,91.738982,177.8,29.019531937023054,38.5,100.9,24.2
49,90.038012,186.69,25.833531902151034,40.1,95.0,21.2
42,74.956078,177.165,23.88091689763627,38.3,87.0,14.9
55,57.379388,169.54500000000002,19.961167479181032,33.4,78.2,12.5
51,62.255502,172.085,21.022855591278372,36.5,82.0,8.0
49,63.729676,172.72,21.362715260032594,35.8,79.4,7.1
40,76.430252,175.895,24.703489430959365,34.2,92.3,21.4
35,80.399182,180.34,24.721083383845002,38.4,90.3,20.5
50,73.7087,168.91,25.834973938024078,38.7,86.7,11.3
72,71.554138,170.815,24.52351641757774,37.7,88.1,14.9
35,78.358018,176.53,25.14469661204733,37.6,90.8,16.5
55,76.883844,173.355,25.583640524444032,37.2,91.1,14.8
47,80.852774,177.8,25.5759286416532,40.2,95.0,22.1
47,74.956078,179.07,23.375514966914448,37.5,83.1,8.5
25,65.20385,184.15,19.227808729101405,35.2,76.5,5.3
40,66.111034,170.815,22.65801913066216,35.5,83.6,11.5
44,94.68733,185.42000000000002,27.54093732995122,41.9,96.3,16.6
35,69.059382,172.085,23.320435437319723,37.0,81.9,3.0
50,89.244226,173.355,29.696644679553767,42.1,98.8,28.4
33,88.904032,185.42000000000002,25.858796247523063,38.5,95.6,14.6
70,60.894726,170.18,21.02628961328317,34.9,83.6,11.0
40,75.97666,181.61,23.03566111362258,39.4,83.7,8.6
43,69.059382,172.085,23.320435437319723,37.5,78.0,17.4
43,90.83179799999999,186.69,26.061283442850097,38.6,102.8,19.3
28,77.791028,191.135,21.293598887900863,35.6,83.5,17.3
41,95.481116,182.88,28.548616086429703,38.5,98.9,20.4
47,71.780934,183.51500000000001,21.314049443151386,34.9,86.7,10.2
74,94.12034,177.8,29.77282015788521,40.8,108.5,31.9
24,95.367718,189.865,26.455231335759922,39.0,94.4,20.9
32,94.914126,180.34,29.184128056809968,42.1,97.5,22.9
36,79.94559,181.61,24.239016544931225,38.7,90.3,16.9
49,89.244226,187.325,25.432476085291157,40.7,95.5,22.3
30,61.915307999999996,174.625,20.304168058253467,35.9,76.6,12.5
48,79.491998,182.245,23.93382817821008,38.0,92.4,26.7
51,81.192968,182.88,24.27649538941053,41.0,90.0,13.9
51,70.079964,177.8,22.16819621394345,36.9,81.5,7.5
52,92.192574,188.595,25.920035460789894,42.0,101.6,18.3
35,98.429464,187.325,28.05004986281159,40.5,95.1,19.2
49,98.08927,189.23,27.39312149494981,40.2,104.0,27.2
43,75.069476,173.99,24.797894510275672,31.1,87.3,18.0
55,81.533162,174.625,26.737539988798982,41.1,95.3,10.9
31,80.399182,181.61,24.376542879937926,36.2,92.4,22.5
55,83.234132,171.45,28.31564611826069,40.9,100.3,30.0
34,59.647348,171.45,20.29159381226856,36.2,74.6,7.9
62,76.54365,171.45,26.039592819926384,38.3,95.6,18.6
40,72.234526,177.165,23.013833681988356,35.3,86.8,12.1
62,86.862868,183.51500000000001,25.79235683010105,40.6,98.2,24.8
40,86.636072,187.96,24.522677168071645,38.3,92.4,25.8
52,75.749864,172.085,25.579722285927055,37.5,91.0,23.3
29,72.914914,175.26,23.73836226353402,36.7,83.5,8.8
67,74.27569,172.085,25.08191331928476,38.4,95.8,31.4
47,89.357624,186.055,25.813620512143583,37.8,99.8,23.6
50,92.079176,170.18,31.793942580979394,40.2,108.1,32.6
51,67.698606,177.165,21.56869498924183,34.8,81.1,13.6
54,89.811216,182.88,26.85333009554908,39.9,100.0,22.6
39,56.812398,172.72,19.043986379495248,31.5,76.0,7.7
37,68.492392,170.18,23.649681427230973,35.3,83.2,13.1
47,57.83298,169.54500000000002,20.118963269530287,34.0,70.4,4.0
41,83.91452,173.355,27.92314747505691,38.0,101.2,24.4
62,97.975872,186.055,28.303259038695497,41.4,104.8,26.1
23,85.34333480000001,196.85,22.0241304482609,38.0,85.3,10.3
42,61.80191,171.45,21.0245601286813,37.8,77.6,3.9
28,81.192968,172.72,27.216555384667856,39.1,95.9,19.1
46,75.749864,170.18,26.155607936076642,36.6,89.9,17.5
66,106.25392599999999,182.88,31.769659469102887,41.4,109.0,30.4
64,70.420158,176.53,22.59747698419883,37.9,82.8,12.4
33,83.574326,174.625,27.4069081665436,40.7,92.1,13.0
69,80.625978,173.99,26.63338821269789,38.7,95.0,22.2
44,75.296272,166.37,27.203415889262875,39.1,93.9,32.9
43,87.996848,191.77,23.9279658244418,38.5,88.7,17.3
72,86.522674,179.07,26.982629228072195,38.9,101.3,26.0
32,81.873356,176.53,26.27275101866595,38.4,91.6,20.8
34,88.790634,180.34,27.301281085402874,38.9,96.4,29.0
45,61.575114,173.99,20.34026694725029,32.8,83.4,13.6
39,99.450046,188.595,27.960481056719235,40.0,104.6,26.6
52,93.666748,189.23,26.15805590153589,40.8,99.2,27.9
28,90.945196,177.165,28.975030789567754,41.3,98.8,15.2
25,93.666748,177.165,29.842114005215667,40.9,100.5,29.6
43,90.945196,181.61,27.57403016884375,37.9,103.1,28.7
40,77.67763,179.07,24.22424773424568,36.3,90.3,22.7
42,70.87375,175.26,23.07383579270414,35.5,86.0,22.0
57,67.018218,167.005,24.028902116703453,35.2,86.4,10.6
61,64.863656,167.005,23.25639934137796,36.5,83.3,11.8
32,82.553744,187.325,23.525848272035528,38.7,88.7,11.9
39,106.480722,189.23,29.736579287581353,42.8,104.5,16.9
41,99.109852,180.34,30.474226907588903,39.8,100.5,21.3
43,68.0388,175.895,21.991236882159672,35.2,85.7,22.1
