name,ingredients,diet,is_vegan_friendly,course,flavor_profile,region,prep_time,cook_time,calories_per_100g,protein_g,fat_g,carbs_g,fiber_g,nutrition_source,text
Balu shahi,"Maida flour, yogurt, oil, sugar",vegetarian,False,dessert,sweet,East,45.0,25.0,266.0,2.0,0.8,11.5,0.5,ifct_composition,"Balu shahi (vegetarian) dessert with Maida flour, yogurt, oil, sugar, sweet flavor, East Indian cuisine"
Boondi,"Gram flour, ghee, sugar",vegetarian,False,dessert,sweet,West,80.0,30.0,487.3,7.4,1.8,15.1,5.3,ifct_composition,"Boondi (vegetarian) dessert with Gram flour, ghee, sugar, sweet flavor, West Indian cuisine"
Gajar ka halwa,"Carrots, milk, sugar, ghee, cashews, raisins",vegetarian,False,dessert,sweet,North,15.0,60.0,390.4,1.6,1.5,15.3,1.8,ifct_composition,"Gajar ka halwa (vegetarian) dessert with Carrots, milk, sugar, ghee, cashews, raisins, sweet flavor, North Indian cuisine"
Ghevar,"Flour, ghee, kewra, milk, clarified butter, sugar, almonds, pistachio, saffron, green cardamom",vegetarian,False,dessert,sweet,West,15.0,30.0,1167.9,11.5,15.7,20.0,5.2,ifct_composition,"Ghevar (vegetarian) dessert with Flour, ghee, kewra, milk, clarified butter, sugar, almonds, pistachio, saffron, green cardamom, sweet flavor, West Indian cuisine"
Gulab jamun,"Milk powder, plain flour, baking powder, ghee, milk, sugar, water, rose water",vegetarian,False,dessert,sweet,East,15.0,40.0,423.3,3.2,2.4,15.0,0.7,ifct_composition,"Gulab jamun (vegetarian) dessert with Milk powder, plain flour, baking powder, ghee, milk, sugar, water, rose water, sweet flavor, East Indian cuisine"
Imarti,"Sugar syrup, lentil flour",vegetarian,True,dessert,sweet,East,10.0,50.0,717.0,12.5,0.5,25.0,5.6,ifct_composition,"Imarti (vegetarian) dessert with Sugar syrup, lentil flour, sweet flavor, East Indian cuisine"
Jalebi,"Maida, corn flour, baking soda, vinegar, curd, water, turmeric, saffron, cardamom",vegetarian,False,dessert,sweet,North,10.0,50.0,734.8,5.4,2.4,27.4,9.0,ifct_composition,"Jalebi (vegetarian) dessert with Maida, corn flour, baking soda, vinegar, curd, water, turmeric, saffron, cardamom, sweet flavor, North Indian cuisine"
Kaju katli,"Cashews, ghee, cardamom, sugar",vegetarian,False,dessert,sweet,any,10.0,20.0,384.0,2.9,0.9,12.5,7.9,ifct_composition,"Kaju katli (vegetarian) dessert with Cashews, ghee, cardamom, sugar, sweet flavor, any Indian cuisine"
Kalakand,"Milk, cottage cheese, sugar",vegetarian,False,dessert,sweet,East,20.0,30.0,267.0,2.1,3.4,4.6,0.3,ifct_composition,"Kalakand (vegetarian) dessert with Milk, cottage cheese, sugar, sweet flavor, East Indian cuisine"
Kheer,"Milk, rice, sugar, dried fruits",vegetarian,False,dessert,sweet,any,10.0,40.0,833.8,3.7,2.2,36.9,1.9,ifct_composition,"Kheer (vegetarian) dessert with Milk, rice, sugar, dried fruits, sweet flavor, any Indian cuisine"
Laddu,"Gram flour, ghee, sugar",vegetarian,False,dessert,sweet,any,10.0,40.0,487.3,7.4,1.8,15.1,5.3,ifct_composition,"Laddu (vegetarian) dessert with Gram flour, ghee, sugar, sweet flavor, any Indian cuisine"
Lassi,"Yogurt, milk, nuts, sugar",vegetarian,False,dessert,sweet,North,5.0,5.0,774.0,7.7,13.4,7.2,2.8,ifct_composition,"Lassi (vegetarian) dessert with Yogurt, milk, nuts, sugar, sweet flavor, North Indian cuisine"
Nankhatai,"Refined flour, besan, ghee, powdered sugar, yoghurt, green cardamom",vegetarian,False,dessert,sweet,any,20.0,30.0,903.4,11.8,2.4,32.1,5.5,ifct_composition,"Nankhatai (vegetarian) dessert with Refined flour, besan, ghee, powdered sugar, yoghurt, green cardamom, sweet flavor, any Indian cuisine"
Petha,"Firm white pumpkin, sugar, kitchen lime, alum powder",vegetarian,True,dessert,sweet,North,10.0,30.0,100.7,0.7,0.2,3.6,1.8,ifct_composition,"Petha (vegetarian) dessert with Firm white pumpkin, sugar, kitchen lime, alum powder, sweet flavor, North Indian cuisine"
Phirni,"Rice, sugar, nuts",vegetarian,True,dessert,sweet,East,30.0,20.0,1274.0,10.5,14.6,28.9,4.9,ifct_composition,"Phirni (vegetarian) dessert with Rice, sugar, nuts, sweet flavor, East Indian cuisine"
Rabri,"Condensed milk, sugar, spices, nuts",vegetarian,False,dessert,sweet,North,10.0,45.0,930.3,9.2,16.4,7.9,3.8,ifct_composition,"Rabri (vegetarian) dessert with Condensed milk, sugar, spices, nuts, sweet flavor, North Indian cuisine"
Sheera,"Semolina, ghee, nuts, milk",vegetarian,False,dessert,sweet,West,10.0,25.0,1025.5,9.6,12.5,20.0,5.1,ifct_composition,"Sheera (vegetarian) dessert with Semolina, ghee, nuts, milk, sweet flavor, West Indian cuisine"
Singori,"Khoa, coconut, molu leaf",vegetarian,False,dessert,sweet,North,10.0,20.0,1966.5,11.8,41.9,11.6,7.9,ifct_composition,"Singori (vegetarian) dessert with Khoa, coconut, molu leaf, sweet flavor, North Indian cuisine"
Sohan halwa,"Corn flour, ghee, dry fruits",vegetarian,False,dessert,sweet,North,10.0,60.0,568.0,3.8,1.7,21.9,6.1,ifct_composition,"Sohan halwa (vegetarian) dessert with Corn flour, ghee, dry fruits, sweet flavor, North Indian cuisine"
Sohan papdi,"Gram flour, ghee, sugar, milk, cardamom",vegetarian,False,dessert,sweet,West,,60.0,595.6,6.8,2.9,16.9,7.8,ifct_composition,"Sohan papdi (vegetarian) dessert with Gram flour, ghee, sugar, milk, cardamom, sweet flavor, West Indian cuisine"
Chhena jalebi,"Chhena, sugar, ghee",vegetarian,False,dessert,sweet,East,10.0,50.0,42.5,0.3,0.1,1.8,0.3,ifct_composition,"Chhena jalebi (vegetarian) dessert with Chhena, sugar, ghee, sweet flavor, East Indian cuisine"
Chhena kheeri,"Chhena, sugar, milk",vegetarian,False,dessert,sweet,East,,60.0,267.0,2.1,3.4,4.6,0.3,ifct_composition,"Chhena kheeri (vegetarian) dessert with Chhena, sugar, milk, sweet flavor, East Indian cuisine"
Chhena poda,"Sugar, chenna cheese",vegetarian,False,dessert,sweet,East,10.0,45.0,85.0,0.6,0.2,3.7,0.7,ifct_composition,"Chhena poda (vegetarian) dessert with Sugar, chenna cheese, sweet flavor, East Indian cuisine"
Cham cham,"Flour, cream, sugar, saffron, lemon juice, coconut flakes",vegetarian,False,dessert,sweet,East,40.0,60.0,1080.2,4.7,16.2,21.2,4.8,ifct_composition,"Cham cham (vegetarian) dessert with Flour, cream, sugar, saffron, lemon juice, coconut flakes, sweet flavor, East Indian cuisine"
Kheer sagar,"Chenna, condensed milk, sugar, saffron, cardamom",vegetarian,False,dessert,sweet,East,25.0,60.0,533.7,4.1,3.1,14.3,7.9,ifct_composition,"Kheer sagar (vegetarian) dessert with Chenna, condensed milk, sugar, saffron, cardamom, sweet flavor, East Indian cuisine"
Ledikeni,"Chhena, sugar, ghee",vegetarian,False,dessert,sweet,East,45.0,45.0,42.5,0.3,0.1,1.8,0.3,ifct_composition,"Ledikeni (vegetarian) dessert with Chhena, sugar, ghee, sweet flavor, East Indian cuisine"
Lyangcha,"Flour, fried milk power, sugar syrup",vegetarian,False,dessert,sweet,North East,20.0,30.0,668.7,4.9,2.5,27.0,1.2,ifct_composition,"Lyangcha (vegetarian) dessert with Flour, fried milk power, sugar syrup, sweet flavor, North East Indian cuisine"
Malapua,"Yoghurt, refined flour, ghee, fennel seeds",vegetarian,False,dessert,sweet,North,10.0,120.0,592.3,4.5,1.7,25.6,0.9,ifct_composition,"Malapua (vegetarian) dessert with Yoghurt, refined flour, ghee, fennel seeds, sweet flavor, North Indian cuisine"
Mihidana,"Besan flour, sugar, ghee",vegetarian,False,dessert,sweet,East,15.0,30.0,487.3,7.4,1.8,15.1,5.3,ifct_composition,"Mihidana (vegetarian) dessert with Besan flour, sugar, ghee, sweet flavor, East Indian cuisine"
Misti doi,"Milk, jaggery",vegetarian,False,dessert,sweet,East,480.0,30.0,964.5,2.8,3.4,44.9,0.0,ifct_composition,"Misti doi (vegetarian) dessert with Milk, jaggery, sweet flavor, East Indian cuisine"
Pantua,"Chhena, sugar, ghee, flour",vegetarian,False,dessert,sweet,East,45.0,45.0,519.0,3.7,0.3,25.2,1.2,ifct_composition,"Pantua (vegetarian) dessert with Chhena, sugar, ghee, flour, sweet flavor, East Indian cuisine"
Pithe,"Rice flour, wheat flour",vegetarian,True,dessert,sweet,North East,15.0,35.0,1410.0,9.0,1.3,63.5,7.4,ifct_composition,"Pithe (vegetarian) dessert with Rice flour, wheat flour, sweet flavor, North East Indian cuisine"
Rasabali,"Chenna, sweetened milk",vegetarian,False,dessert,sweet,East,15.0,30.0,449.0,3.7,6.6,5.5,0.0,ifct_composition,"Rasabali (vegetarian) dessert with Chenna, sweetened milk, sweet flavor, East Indian cuisine"
Ras malai,"Chhena, reduced milk, pistachio",vegetarian,False,dessert,sweet,East,180.0,60.0,1353.0,13.5,24.5,10.0,5.3,ifct_composition,"Ras malai (vegetarian) dessert with Chhena, reduced milk, pistachio, sweet flavor, East Indian cuisine"
Rasgulla,"Chhena, sugar, cardamom",vegetarian,True,dessert,sweet,East,10.0,90.0,576.0,4.3,1.4,18.7,11.9,ifct_composition,"Rasgulla (vegetarian) dessert with Chhena, sugar, cardamom, sweet flavor, East Indian cuisine"
Sandesh,"Milk, sugar, saffron, cardamom",vegetarian,False,dessert,sweet,East,30.0,20.0,533.7,4.1,3.1,14.3,7.9,ifct_composition,"Sandesh (vegetarian) dessert with Milk, sugar, saffron, cardamom, sweet flavor, East Indian cuisine"
Adhirasam,"Rice flour, jaggery, ghee, vegetable oil, elachi",vegetarian,False,dessert,sweet,East,10.0,50.0,422.9,1.3,0.2,21.8,0.5,ifct_composition,"Adhirasam (vegetarian) dessert with Rice flour, jaggery, ghee, vegetable oil, elachi, sweet flavor, East Indian cuisine"
Ariselu,"Rice flour, jaggery, ghee",vegetarian,False,dessert,sweet,South,15.0,75.0,986.7,3.1,0.4,50.9,1.2,ifct_composition,"Ariselu (vegetarian) dessert with Rice flour, jaggery, ghee, sweet flavor, South Indian cuisine"
Bandar laddu,"Besan, jaggery, cardamom powder, ghee, cashews and raisins, jaggery syrup, sugar",vegetarian,False,dessert,sweet,South,5.0,35.0,966.9,5.2,1.2,44.3,6.1,ifct_composition,"Bandar laddu (vegetarian) dessert with Besan, jaggery, cardamom powder, ghee, cashews and raisins, jaggery syrup, sugar, sweet flavor, South Indian cuisine"
Chikki,"Peanuts, jaggery",vegetarian,True,dessert,sweet,West,10.0,20.0,1480.0,1.9,0.2,84.3,0.0,ifct_composition,"Chikki (vegetarian) dessert with Peanuts, jaggery, sweet flavor, West Indian cuisine"
Dharwad pedha,"Milk, Sugar, Dharwadi buffalo milk",vegetarian,False,dessert,sweet,South,20.0,60.0,327.7,2.7,4.4,4.9,0.2,ifct_composition,"Dharwad pedha (vegetarian) dessert with Milk, Sugar, Dharwadi buffalo milk, sweet flavor, South Indian cuisine"
Double ka meetha,"Loaf bread, milk",vegetarian,False,dessert,sweet,South,20.0,30.0,449.0,3.7,6.6,5.5,0.0,ifct_composition,"Double ka meetha (vegetarian) dessert with Loaf bread, milk, sweet flavor, South Indian cuisine"
Gavvalu,"Rice flour, sugar, salt, ghee, semolina",vegetarian,False,dessert,sweet,South,10.0,30.0,740.2,4.9,0.5,33.0,3.5,ifct_composition,"Gavvalu (vegetarian) dessert with Rice flour, sugar, salt, ghee, semolina, sweet flavor, South Indian cuisine"
Kakinada khaja,"Wheat flour, sugar",vegetarian,True,dessert,sweet,South,10.0,30.0,712.5,5.6,0.8,31.1,6.0,ifct_composition,"Kakinada khaja (vegetarian) dessert with Wheat flour, sugar, sweet flavor, South Indian cuisine"
Kuzhi paniyaram,"Black lentils, rice",vegetarian,True,dessert,sweet,South,10.0,20.0,1485.0,11.0,3.4,62.6,5.2,ifct_composition,"Kuzhi paniyaram (vegetarian) dessert with Black lentils, rice, sweet flavor, South Indian cuisine"
Mysore pak,"Besan flour, semolina, mung bean, jaggery, coconut, skimmed milk powder, sugar, ghee",vegetarian,False,dessert,sweet,South,5.0,20.0,1095.1,8.8,9.7,30.5,6.4,ifct_composition,"Mysore pak (vegetarian) dessert with Besan flour, semolina, mung bean, jaggery, coconut, skimmed milk powder, sugar, ghee, sweet flavor, South Indian cuisine"
Obbattu holige,"Maida flour, turmeric, coconut, chickpeas, jaggery, ghee, cardamom",vegetarian,False,main course,sweet,South,180.0,60.0,1296.1,8.0,10.5,41.1,11.4,ifct_composition,"Obbattu holige (vegetarian) main course with Maida flour, turmeric, coconut, chickpeas, jaggery, ghee, cardamom, sweet flavor, South Indian cuisine"
Palathalikalu,"Rice flour, milk",vegetarian,False,dessert,sweet,South,10.0,25.0,964.5,5.6,3.9,36.9,1.7,ifct_composition,"Palathalikalu (vegetarian) dessert with Rice flour, milk, sweet flavor, South Indian cuisine"
Poornalu,"Chana dal, jaggery",vegetarian,True,dessert,sweet,South,240.0,60.0,1480.0,1.9,0.2,84.3,0.0,ifct_composition,"Poornalu (vegetarian) dessert with Chana dal, jaggery, sweet flavor, South Indian cuisine"
Pongal,"Rice, jaggery, cashews, ghee",vegetarian,False,dessert,sweet,South,5.0,20.0,986.7,3.1,0.4,50.9,1.2,ifct_composition,"Pongal (vegetarian) dessert with Rice, jaggery, cashews, ghee, sweet flavor, South Indian cuisine"
Pootharekulu,"Rice flour, powdered sugar, ghee",vegetarian,False,dessert,sweet,South,10.0,60.0,740.0,3.7,0.6,34.2,1.7,ifct_composition,"Pootharekulu (vegetarian) dessert with Rice flour, powdered sugar, ghee, sweet flavor, South Indian cuisine"
Qubani ka meetha,"Apricots, sugar syrup",vegetarian,True,dessert,sweet,South,10.0,20.0,703.0,1.9,0.5,36.9,2.0,ifct_composition,"Qubani ka meetha (vegetarian) dessert with Apricots, sugar syrup, sweet flavor, South Indian cuisine"
Sheer korma,"Vermicelli pudding, milk",vegetarian,False,dessert,sweet,South,10.0,20.0,920.5,6.7,3.5,31.2,4.6,ifct_composition,"Sheer korma (vegetarian) dessert with Vermicelli pudding, milk, sweet flavor, South Indian cuisine"
Unni Appam,"Rice flour, banana, jaggery, coconut",vegetarian,True,dessert,sweet,South,10.0,20.0,1508.5,4.5,16.2,44.5,5.4,ifct_composition,"Unni Appam (vegetarian) dessert with Rice flour, banana, jaggery, coconut, sweet flavor, South Indian cuisine"
Kajjikaya,"Rice flour, jaggery, coconut",vegetarian,True,dessert,sweet,South,40.0,15.0,1857.0,5.5,21.5,53.2,6.4,ifct_composition,"Kajjikaya (vegetarian) dessert with Rice flour, jaggery, coconut, sweet flavor, South Indian cuisine"
Anarsa,"Rice flour, jaggery, khus-khus seeds",vegetarian,True,dessert,sweet,West,10.0,50.0,1480.0,4.6,0.6,76.4,1.7,ifct_composition,"Anarsa (vegetarian) dessert with Rice flour, jaggery, khus-khus seeds, sweet flavor, West Indian cuisine"
Basundi,"Sugar, milk, nuts",vegetarian,False,dessert,sweet,West,10.0,35.0,930.3,9.2,16.4,7.9,3.8,ifct_composition,"Basundi (vegetarian) dessert with Sugar, milk, nuts, sweet flavor, West Indian cuisine"
Dhondas,"Cucumber, rava",vegetarian,True,dessert,sweet,West,10.0,50.0,274.5,11.1,1.5,0.4,1.1,ifct_composition,"Dhondas (vegetarian) dessert with Cucumber, rava, sweet flavor, West Indian cuisine"
Doodhpak,"Milk, rice, sugar, dry fruits",vegetarian,False,dessert,sweet,West,10.0,60.0,853.0,5.1,2.9,34.6,4.1,ifct_composition,"Doodhpak (vegetarian) dessert with Milk, rice, sugar, dry fruits, sweet flavor, West Indian cuisine"
Mahim halwa,"Semolina, sugar",vegetarian,True,dessert,sweet,West,10.0,25.0,740.5,6.0,0.5,31.8,5.2,ifct_composition,"Mahim halwa (vegetarian) dessert with Semolina, sugar, sweet flavor, West Indian cuisine"
Modak,"Rice flour, coconut, jaggery ",vegetarian,True,dessert,sweet,West,10.0,15.0,1857.0,5.5,21.5,53.2,6.4,ifct_composition,"Modak (vegetarian) dessert with Rice flour, coconut, jaggery , sweet flavor, West Indian cuisine"
Shankarpali,"Sugar, ghee, maida flour, semolina",vegetarian,False,dessert,sweet,West,10.0,35.0,738.2,5.6,0.4,33.8,3.3,ifct_composition,"Shankarpali (vegetarian) dessert with Sugar, ghee, maida flour, semolina, sweet flavor, West Indian cuisine"
Shrikhand,"Curd, sugar, saffron, cardamom",vegetarian,False,dessert,sweet,West,10.0,720.0,485.7,4.0,2.4,14.1,7.9,ifct_composition,"Shrikhand (vegetarian) dessert with Curd, sugar, saffron, cardamom, sweet flavor, West Indian cuisine"
Sutar feni,"Maida, sugar, ghee",vegetarian,False,dessert,sweet,West,15.0,55.0,519.0,3.7,0.3,25.2,1.2,ifct_composition,"Sutar feni (vegetarian) dessert with Maida, sugar, ghee, sweet flavor, West Indian cuisine"
Maach Jhol,"Fish, potol, tomato, chillies, ginger, garlic",non vegetarian,False,main course,spicy,North East,10.0,40.0,288.2,7.0,0.6,6.0,3.4,ifct_composition,"Maach Jhol (non vegetarian) main course with Fish, potol, tomato, chillies, ginger, garlic, spicy flavor, North East Indian cuisine"
Pork Bharta,"Boiled pork, onions, chillies, ginger and garlic",non vegetarian,False,main course,spicy,North East,,,116.6,1.7,0.2,3.6,2.2,ifct_composition,"Pork Bharta (non vegetarian) main course with Boiled pork, onions, chillies, ginger and garlic, spicy flavor, North East Indian cuisine"
Chak Hao Kheer,"Rice, milk, sugar, cardamom",vegetarian,False,dessert,sweet,North East,240.0,45.0,770.2,5.0,2.6,27.8,6.8,ifct_composition,"Chak Hao Kheer (vegetarian) dessert with Rice, milk, sugar, cardamom, sweet flavor, North East Indian cuisine"
Galho,"Rice, axone, salt, water, chillies, pork",non vegetarian,False,main course,spicy,North East,5.0,15.0,687.2,7.0,5.2,18.8,2.3,ifct_composition,"Galho (non vegetarian) main course with Rice, axone, salt, water, chillies, pork, spicy flavor, North East Indian cuisine"
Aloo gobi,"Cauliflower, potato, garam masala, turmeric, curry leaves",vegetarian,True,main course,spicy,North,10.0,20.0,470.0,5.1,1.7,15.8,10.8,ifct_composition,"Aloo gobi (vegetarian) main course with Cauliflower, potato, garam masala, turmeric, curry leaves, spicy flavor, North Indian cuisine"
Aloo tikki,"Rice flour, potato, bread crumbs, garam masala, salt",vegetarian,True,main course,spicy,North,5.0,20.0,886.0,4.5,0.7,40.1,2.6,ifct_partial,"Aloo tikki (vegetarian) main course with Rice flour, potato, bread crumbs, garam masala, salt, spicy flavor, North Indian cuisine"
Aloo matar,"Potato, peas, chillies, ginger, garam masala, garlic",vegetarian,True,main course,spicy,North,5.0,40.0,500.0,6.7,0.8,17.2,6.8,ifct_composition,"Aloo matar (vegetarian) main course with Potato, peas, chillies, ginger, garam masala, garlic, spicy flavor, North Indian cuisine"
Aloo methi,"Potato, fenugreek leaves, chillies, salt, oil",vegetarian,True,main course,bitter,North,10.0,40.0,89.6,1.1,0.3,2.3,1.6,ifct_composition,"Aloo methi (vegetarian) main course with Potato, fenugreek leaves, chillies, salt, oil, bitter flavor, North Indian cuisine"
Aloo shimla mirch,"Potato, shimla mirch, garam masala, amchur powder, salt",vegetarian,True,main course,spicy,North,10.0,40.0,292.0,1.5,0.2,11.8,1.7,ifct_partial,"Aloo shimla mirch (vegetarian) main course with Potato, shimla mirch, garam masala, amchur powder, salt, spicy flavor, North Indian cuisine"
Bhatura,"Chole, rava, yogurt, plain flour, baking soda",vegetarian,False,main course,spicy,North,20.0,20.0,748.0,11.7,2.7,25.6,0.9,ifct_composition,"Bhatura (vegetarian) main course with Chole, rava, yogurt, plain flour, baking soda, spicy flavor, North Indian cuisine"
Bhindi masala,"Ladies finger, garam masala, kasuri methi, tomatoes, chili powder",vegetarian,True,main course,spicy,North,20.0,30.0,101.0,1.6,0.2,1.3,2.9,ifct_partial,"Bhindi masala (vegetarian) main course with Ladies finger, garam masala, kasuri methi, tomatoes, chili powder, spicy flavor, North Indian cuisine"
Biryani,"Chicken thighs, basmati rice, star anise, sweet, green chillies",non vegetarian,False,main course,spicy,South,30.0,120.0,692.8,8.5,0.9,25.9,4.6,ifct_composition,"Biryani (non vegetarian) main course with Chicken thighs, basmati rice, star anise, sweet, green chillies, spicy flavor, South Indian cuisine"
Butter chicken,"Chicken, greek yogurt, cream, garam masala powder, cashew nuts, butter",non vegetarian,False,main course,spicy,North,10.0,35.0,944.0,8.0,16.6,10.0,1.9,ifct_composition,"Butter chicken (non vegetarian) main course with Chicken, greek yogurt, cream, garam masala powder, cashew nuts, butter, spicy flavor, North Indian cuisine"
Chana masala,"Chickpeas, tomato paste, garam masala, ginger, red onion, avocado oil",vegetarian,True,main course,spicy,North,20.0,30.0,354.8,5.5,0.6,11.4,5.1,ifct_composition,"Chana masala (vegetarian) main course with Chickpeas, tomato paste, garam masala, ginger, red onion, avocado oil, spicy flavor, North Indian cuisine"
Chapati,"Whole wheat flour, olive oil, hot water, all purpose flour",vegetarian,True,main course,mild,West,10.0,10.0,468.7,3.5,0.4,21.7,2.4,ifct_composition,"Chapati (vegetarian) main course with Whole wheat flour, olive oil, hot water, all purpose flour, mild flavor, West Indian cuisine"
Chicken razala,"Chicken, dahi, sesame seeds, garam masala powder, cashew nuts, saffron",non vegetarian,False,main course,spicy,East,10.0,35.0,944.0,8.0,16.6,10.0,1.9,ifct_composition,"Chicken razala (non vegetarian) main course with Chicken, dahi, sesame seeds, garam masala powder, cashew nuts, saffron, spicy flavor, East Indian cuisine"
Chicken Tikka masala,"Naan bread, tomato sauce, skinless chicken breasts, heavy cream, garam masala",non vegetarian,False,main course,spicy,North,10.0,50.0,846.0,10.3,6.5,0.7,0.8,ifct_partial,"Chicken Tikka masala (non vegetarian) main course with Naan bread, tomato sauce, skinless chicken breasts, heavy cream, garam masala, spicy flavor, North Indian cuisine"
Chicken Tikka,"Chicken, whole wheat bread, rice flour, garam masala powder, whole egg",non vegetarian,False,starter,spicy,North,120.0,45.0,1065.8,7.6,1.1,47.2,7.0,ifct_composition,"Chicken Tikka (non vegetarian) starter with Chicken, whole wheat bread, rice flour, garam masala powder, whole egg, spicy flavor, North Indian cuisine"
Chole bhature,"Chole, bhatura, garam masala, bay leaf, cinnamon stick",vegetarian,True,main course,spicy,North,20.0,30.0,287.0,13.5,1.0,0.0,0.0,ifct_partial,"Chole bhature (vegetarian) main course with Chole, bhatura, garam masala, bay leaf, cinnamon stick, spicy flavor, North Indian cuisine"
Daal baati churma,"Moong dal, masoor dal, chana dal, wheat flour, almond",vegetarian,True,main course,spicy,West,10.0,90.0,1750.7,17.6,20.5,34.3,11.3,ifct_composition,"Daal baati churma (vegetarian) main course with Moong dal, masoor dal, chana dal, wheat flour, almond, spicy flavor, West Indian cuisine"
Daal puri,"Moong dal, garam masala powder, garlic, green chilli, all purpose flour",vegetarian,True,main course,spicy,East,30.0,30.0,1179.0,16.3,0.9,44.2,6.7,ifct_composition,"Daal puri (vegetarian) main course with Moong dal, garam masala powder, garlic, green chilli, all purpose flour, spicy flavor, East Indian cuisine"
Dal makhani ,"Red kidney beans, urad dal, cream, garam masala, chili powder",vegetarian,False,main course,sweet,North,10.0,60.0,1304.0,21.5,1.7,44.4,14.2,ifct_partial,"Dal makhani  (vegetarian) main course with Red kidney beans, urad dal, cream, garam masala, chili powder, sweet flavor, North Indian cuisine"
Dal tadka,"Pigeon peas, garam masala, ginger, red onion, kasuri methi",vegetarian,True,main course,spicy,North,10.0,30.0,917.0,14.2,1.5,30.1,13.0,ifct_composition,"Dal tadka (vegetarian) main course with Pigeon peas, garam masala, ginger, red onion, kasuri methi, spicy flavor, North Indian cuisine"
Dum aloo,"Baby potatoes, garam masala, cashew nuts, kasuri methi, tomatoes",vegetarian,True,main course,spicy,North,20.0,50.0,943.7,7.5,15.6,9.7,3.9,ifct_composition,"Dum aloo (vegetarian) main course with Baby potatoes, garam masala, cashew nuts, kasuri methi, tomatoes, spicy flavor, North Indian cuisine"
Poha,"Beaten rice flakes, potato, curry leaves, green chilies, lemon juice",vegetarian,True,snack,spicy,West,20.0,30.0,710.8,8.1,0.9,25.7,6.3,ifct_composition,"Poha (vegetarian) snack with Beaten rice flakes, potato, curry leaves, green chilies, lemon juice, spicy flavor, West Indian cuisine"
Fara,"Chana dal, whole wheat flour, arhar dal, white urad dal, garam masala powder",vegetarian,True,snack,spicy,Central,10.0,60.0,1348.0,16.8,1.6,53.7,11.6,ifct_partial,"Fara (vegetarian) snack with Chana dal, whole wheat flour, arhar dal, white urad dal, garam masala powder, spicy flavor, Central Indian cuisine"
Kachori,"Moong dal, rava, garam masala, dough, fennel seeds",vegetarian,True,snack,spicy,North,30.0,60.0,915.0,22.7,2.0,21.0,4.7,ifct_partial,"Kachori (vegetarian) snack with Moong dal, rava, garam masala, dough, fennel seeds, spicy flavor, North Indian cuisine"
Kadai paneer,"Cottage cheese, bell peppers, gravy, garam masala, cashew nuts",vegetarian,False,main course,spicy,North,20.0,30.0,1674.0,14.4,24.0,29.5,18.5,ifct_partial,"Kadai paneer (vegetarian) main course with Cottage cheese, bell peppers, gravy, garam masala, cashew nuts, spicy flavor, North Indian cuisine"
Kadhi pakoda,"Besan, garam masala powder, gram flour, ginger, curry leaves",vegetarian,True,main course,spicy,North,10.0,60.0,812.5,13.2,3.1,23.0,13.1,ifct_composition,"Kadhi pakoda (vegetarian) main course with Besan, garam masala powder, gram flour, ginger, curry leaves, spicy flavor, North Indian cuisine"
Karela bharta,"Bitter gourd, fennel, garam masala powder, chili powder, amchur powder",vegetarian,True,main course,bitter,North,20.0,50.0,87.0,1.4,0.2,1.0,3.8,ifct_partial,"Karela bharta (vegetarian) main course with Bitter gourd, fennel, garam masala powder, chili powder, amchur powder, bitter flavor, North Indian cuisine"
Khichdi,"Moong dal, green peas, ginger, tomato, green chili",vegetarian,True,main course,spicy,any,40.0,20.0,881.2,15.0,1.0,26.5,7.0,ifct_composition,"Khichdi (vegetarian) main course with Moong dal, green peas, ginger, tomato, green chili, spicy flavor, any Indian cuisine"
Kofta,"Paneer, potato, cream, corn flour, garam masala",vegetarian,False,main course,spicy,North,20.0,40.0,299.0,2.1,0.8,8.2,3.9,ifct_partial,"Kofta (vegetarian) main course with Paneer, potato, cream, corn flour, garam masala, spicy flavor, North Indian cuisine"
Kulfi falooda,"Rose syrup, falooda sev, mixed nuts, saffron, sugar",vegetarian,True,dessert,sweet,any,45.0,25.0,85.0,0.6,0.2,3.7,0.7,ifct_partial,"Kulfi falooda (vegetarian) dessert with Rose syrup, falooda sev, mixed nuts, saffron, sugar, sweet flavor, any Indian cuisine"
Lauki ke kofte,"Bottle gourd, garam masala powder, gram flour, ginger, chillies",vegetarian,True,main course,spicy,North,20.0,40.0,461.0,6.7,1.8,12.7,6.9,ifct_composition,"Lauki ke kofte (vegetarian) main course with Bottle gourd, garam masala powder, gram flour, ginger, chillies, spicy flavor, North Indian cuisine"
Lauki ki subji,"Bottle gourd, coconut oil, garam masala, ginger, green chillies",vegetarian,True,main course,spicy,any,10.0,20.0,234.1,3.8,0.3,6.9,2.4,ifct_composition,"Lauki ki subji (vegetarian) main course with Bottle gourd, coconut oil, garam masala, ginger, green chillies, spicy flavor, any Indian cuisine"
Litti chokha,"Wheat flour, roasted gram flour, tomato, nigella seeds, chilli",vegetarian,True,main course,spicy,North,45.0,60.0,748.8,9.0,2.0,26.1,8.2,ifct_composition,"Litti chokha (vegetarian) main course with Wheat flour, roasted gram flour, tomato, nigella seeds, chilli, spicy flavor, North Indian cuisine"
Makki di roti sarson da saag,"Palak, makki atta, mustard green, garam masala, ginger",vegetarian,True,main course,spicy,North,25.0,30.0,565.7,5.4,1.0,21.7,6.9,ifct_composition,"Makki di roti sarson da saag (vegetarian) main course with Palak, makki atta, mustard green, garam masala, ginger, spicy flavor, North Indian cuisine"
Misi roti,"Whole wheat flour, chickpea flour, green chilies",vegetarian,True,main course,spicy,North,30.0,30.0,1360.0,18.7,2.7,47.4,12.0,ifct_composition,"Misi roti (vegetarian) main course with Whole wheat flour, chickpea flour, green chilies, spicy flavor, North Indian cuisine"
Mushroom do pyaza,"Mushroom, malai, garam masala, ginger, capsicum",vegetarian,False,main course,spicy,North,10.0,30.0,137.7,2.3,0.5,2.4,3.5,ifct_composition,"Mushroom do pyaza (vegetarian) main course with Mushroom, malai, garam masala, ginger, capsicum, spicy flavor, North Indian cuisine"
Mushroom matar,"Canned coconut milk, frozen green peas, wild mushrooms, garam masala, tomatoes",vegetarian,False,main course,spicy,North,10.0,30.0,1099.2,8.0,16.4,17.6,9.8,ifct_composition,"Mushroom matar (vegetarian) main course with Canned coconut milk, frozen green peas, wild mushrooms, garam masala, tomatoes, spicy flavor, North Indian cuisine"
Naan,"Whole wheat flour, honey, butter, garlic",vegetarian,False,main course,mild,North,60.0,30.0,929.0,8.7,0.8,39.7,8.3,ifct_composition,"Naan (vegetarian) main course with Whole wheat flour, honey, butter, garlic, mild flavor, North Indian cuisine"
Navrattan korma,"Green beans, potatoes, khus khus, low fat, garam masala powder",vegetarian,True,main course,spicy,North,25.0,40.0,967.0,16.1,0.7,32.5,9.2,ifct_composition,"Navrattan korma (vegetarian) main course with Green beans, potatoes, khus khus, low fat, garam masala powder, spicy flavor, North Indian cuisine"
Palak paneer,"Cottage cheese, palak, cream, garam masala, butter",vegetarian,False,main course,spicy,North,20.0,40.0,320.0,12.0,14.0,35.0,5.0,estimated_fallback,"Palak paneer (vegetarian) main course with Cottage cheese, palak, cream, garam masala, butter, spicy flavor, North Indian cuisine"
Paneer butter masala,"Paneer, whipping cream, garam masala, cashew nuts, butter",vegetarian,False,main course,spicy,North,20.0,40.0,2438.0,18.8,45.2,23.2,3.9,ifct_partial,"Paneer butter masala (vegetarian) main course with Paneer, whipping cream, garam masala, cashew nuts, butter, spicy flavor, North Indian cuisine"
Paneer tikka masala,"Paneer, greek yogurt, tandoori masala, cream, bell pepper",vegetarian,False,main course,spicy,North,20.0,40.0,607.5,6.7,3.6,20.3,16.6,ifct_partial,"Paneer tikka masala (vegetarian) main course with Paneer, greek yogurt, tandoori masala, cream, bell pepper, spicy flavor, North Indian cuisine"
Pani puri,"Kala chana, mashed potato, boondi, sev, lemon",vegetarian,True,snack,spicy,any,15.0,2.0,322.7,7.6,1.8,4.8,0.6,ifct_composition,"Pani puri (vegetarian) snack with Kala chana, mashed potato, boondi, sev, lemon, spicy flavor, any Indian cuisine"
Panjeeri,"Whole wheat flour, musk melon seeds, poppy seeds, edible gum, semolina",vegetarian,True,dessert,sweet,any,10.0,25.0,1150.2,10.7,8.2,33.4,12.3,ifct_composition,"Panjeeri (vegetarian) dessert with Whole wheat flour, musk melon seeds, poppy seeds, edible gum, semolina, sweet flavor, any Indian cuisine"
Papad,"Urad dal, sev, lemon juice, chopped tomatoes",vegetarian,True,snack,spicy,any,5.0,5.0,532.0,8.2,0.9,17.5,4.5,ifct_composition,"Papad (vegetarian) snack with Urad dal, sev, lemon juice, chopped tomatoes, spicy flavor, any Indian cuisine"
Paratha,"Wheat flour, butter, potato, coriander",vegetarian,False,main course,spicy,North,15.0,45.0,587.3,5.2,0.8,23.9,5.9,ifct_composition,"Paratha (vegetarian) main course with Wheat flour, butter, potato, coriander, spicy flavor, North Indian cuisine"
Pattor,"Arbi ke patte, sesame seeds, gur, bengal gram flour, imli",vegetarian,True,main course,spicy,West,10.0,30.0,1403.5,16.2,3.4,51.6,12.0,ifct_partial,"Pattor (vegetarian) main course with Arbi ke patte, sesame seeds, gur, bengal gram flour, imli, spicy flavor, West Indian cuisine"
Pindi chana,"Fennel, tea bags, tomato, kasuri methi, cinnamon",vegetarian,True,main course,spicy,North,500.0,120.0,87.0,1.1,0.3,1.3,1.6,ifct_partial,"Pindi chana (vegetarian) main course with Fennel, tea bags, tomato, kasuri methi, cinnamon, spicy flavor, North Indian cuisine"
Rajma chaval,"Red kidney beans, garam masala powder, ginger, tomato, mustard oil",vegetarian,True,main course,spicy,North,15.0,90.0,224.1,3.3,0.4,6.6,3.4,ifct_composition,"Rajma chaval (vegetarian) main course with Red kidney beans, garam masala powder, ginger, tomato, mustard oil, spicy flavor, North Indian cuisine"
Rongi,"Garam masala powder, tomato, kasuri methi, cinnamon, mustard oil",vegetarian,True,main course,mild,North,10.0,30.0,17.4,0.2,0.1,0.3,0.3,ifct_composition,"Rongi (vegetarian) main course with Garam masala powder, tomato, kasuri methi, cinnamon, mustard oil, mild flavor, North Indian cuisine"
Samosa,"Potatoes, green peas, garam masala, ginger, dough",vegetarian,True,snack,spicy,any,30.0,30.0,628.3,9.2,0.8,19.6,5.5,ifct_composition,"Samosa (vegetarian) snack with Potatoes, green peas, garam masala, ginger, dough, spicy flavor, any Indian cuisine"
Sattu ki roti,"Sattu, atta, dough, filling, mustard oil",vegetarian,True,main course,spicy,North,10.0,20.0,268.0,2.1,0.3,11.7,2.3,ifct_composition,"Sattu ki roti (vegetarian) main course with Sattu, atta, dough, filling, mustard oil, spicy flavor, North Indian cuisine"
Shahi paneer,"Cottage cheese, malai, garam masala, ginger, tomato",vegetarian,False,main course,spicy,North,20.0,40.0,158.5,1.7,0.6,3.2,3.5,ifct_partial,"Shahi paneer (vegetarian) main course with Cottage cheese, malai, garam masala, ginger, tomato, spicy flavor, North Indian cuisine"
Shahi tukra,"Rose water, milk, white bread slices, saffron, almonds",vegetarian,False,dessert,sweet,South,10.0,30.0,1446.0,14.4,22.1,18.4,8.3,ifct_composition,"Shahi tukra (vegetarian) dessert with Rose water, milk, white bread slices, saffron, almonds, sweet flavor, South Indian cuisine"
Vegetable jalfrezi,"Baby corn, french beans, garam masala, ginger, carrot",vegetarian,True,main course,spicy,North,10.0,30.0,194.2,2.1,0.7,4.0,5.0,ifct_composition,"Vegetable jalfrezi (vegetarian) main course with Baby corn, french beans, garam masala, ginger, carrot, spicy flavor, North Indian cuisine"
Tandoori Chicken,"Greek yogurt, garam masala, kasuri methi, marinade, mustard oil",non vegetarian,False,main course,spicy,North,240.0,30.0,61.0,0.7,0.9,1.0,0.0,ifct_composition,"Tandoori Chicken (non vegetarian) main course with Greek yogurt, garam masala, kasuri methi, marinade, mustard oil, spicy flavor, North Indian cuisine"
Tandoori Fish Tikka,"Chickpea flour, biryani masala powder, yogurt, fish fillets, green bell pepper",non vegetarian,False,starter,spicy,North,240.0,30.0,865.0,17.7,3.1,22.1,6.1,ifct_composition,"Tandoori Fish Tikka (non vegetarian) starter with Chickpea flour, biryani masala powder, yogurt, fish fillets, green bell pepper, spicy flavor, North Indian cuisine"
Attu,"Whole wheat flour, arhar dal, ginger, kala jeera, green chilli",vegetarian,True,snack,spicy,South,150.0,25.0,864.0,14.4,2.1,26.4,6.5,ifct_composition,"Attu (vegetarian) snack with Whole wheat flour, arhar dal, ginger, kala jeera, green chilli, spicy flavor, South Indian cuisine"
Avial,"Raw banana, elephant foot yam, long beans, tindora, urad dal",vegetarian,True,main course,spicy,South,30.0,45.0,819.0,9.1,0.8,34.4,6.1,ifct_composition,"Avial (vegetarian) main course with Raw banana, elephant foot yam, long beans, tindora, urad dal, spicy flavor, South Indian cuisine"
Bisi bele bath,"Split pigeon peas, chana dal, urad dal, green peas, french beans",vegetarian,True,main course,spicy,South,30.0,45.0,1022.5,17.5,1.3,34.4,10.7,ifct_composition,"Bisi bele bath (vegetarian) main course with Split pigeon peas, chana dal, urad dal, green peas, french beans, spicy flavor, South Indian cuisine"
Currivepillai sadam ,"Chana dal, urad dal, fresh coconut, sesame seeds, curry leaves",vegetarian,True,main course,spicy,South,10.0,20.0,654.0,12.6,1.0,20.1,11.7,ifct_composition,"Currivepillai sadam  (vegetarian) main course with Chana dal, urad dal, fresh coconut, sesame seeds, curry leaves, spicy flavor, South Indian cuisine"
Dosa,"Chana dal, urad dal, whole urad dal, blend rice, rock salt",vegetarian,True,snack,spicy,South,360.0,90.0,1397.3,18.4,1.5,56.5,9.4,ifct_composition,"Dosa (vegetarian) snack with Chana dal, urad dal, whole urad dal, blend rice, rock salt, spicy flavor, South Indian cuisine"
Idiappam,"Rice flour, hot water, grated coconut",vegetarian,True,snack,spicy,South,120.0,30.0,2045.5,7.4,32.2,37.7,9.7,ifct_composition,"Idiappam (vegetarian) snack with Rice flour, hot water, grated coconut, spicy flavor, South Indian cuisine"
Idli,"Split urad dal, urad dal, idli rice, thick poha, rock salt",vegetarian,True,snack,spicy,South,360.0,90.0,1397.3,18.4,1.5,56.5,9.4,ifct_composition,"Idli (vegetarian) snack with Split urad dal, urad dal, idli rice, thick poha, rock salt, spicy flavor, South Indian cuisine"
Kanji,"Carrot, yellow mustard, red chilli, black salt",vegetarian,True,snack,mild,South,10.0,45.0,1031.8,14.6,2.1,36.2,11.1,ifct_composition,"Kanji (vegetarian) snack with Carrot, yellow mustard, red chilli, black salt, mild flavor, South Indian cuisine"
Kaara kozhambu,"Sesame oil, drumstick, tamarind paste, sambar powder, tomato",vegetarian,True,main course,spicy,South,,,95.4,1.9,0.3,1.5,2.9,ifct_composition,"Kaara kozhambu (vegetarian) main course with Sesame oil, drumstick, tamarind paste, sambar powder, tomato, spicy flavor, South Indian cuisine"
Keerai kootu,"Moong dal, chana dal, spinach, urad dal, coconut oil",vegetarian,True,main course,spicy,South,20.0,30.0,403.0,7.0,0.5,13.2,3.4,ifct_composition,"Keerai kootu (vegetarian) main course with Moong dal, chana dal, spinach, urad dal, coconut oil, spicy flavor, South Indian cuisine"
Keerai masiyal,"Urad dal, curry leaves, sugar, mustard seeds, spinach",vegetarian,True,main course,spicy,South,,,387.2,7.3,0.8,11.8,7.2,ifct_composition,"Keerai masiyal (vegetarian) main course with Urad dal, curry leaves, sugar, mustard seeds, spinach, spicy flavor, South Indian cuisine"
Keerai sadam,"Greens, tomato, mustard seeds, fenugreek seeds",vegetarian,True,main course,spicy,South,10.0,20.0,125.8,2.7,0.6,1.6,3.5,ifct_composition,"Keerai sadam (vegetarian) main course with Greens, tomato, mustard seeds, fenugreek seeds, spicy flavor, South Indian cuisine"
Keerai poriyal,"Amaranth leaves, split urad dal, mustard seeds, grated coconut, red chili",vegetarian,True,main course,spicy,South,20.0,30.0,1367.2,13.7,14.6,30.8,11.1,ifct_composition,"Keerai poriyal (vegetarian) main course with Amaranth leaves, split urad dal, mustard seeds, grated coconut, red chili, spicy flavor, South Indian cuisine"
Beef Fry,"Beef, coconut, garam masala, curry leaves, green chilies, chili powder",non vegetarian,False,main course,spicy,South,10.0,60.0,1282.2,14.8,20.1,13.1,10.5,ifct_composition,"Beef Fry (non vegetarian) main course with Beef, coconut, garam masala, curry leaves, green chilies, chili powder, spicy flavor, South Indian cuisine"
Kootu,"Chana dal, urad dal, potato, beans, peas",vegetarian,True,main course,spicy,South,10.0,15.0,760.0,12.2,1.0,26.9,9.8,ifct_composition,"Kootu (vegetarian) main course with Chana dal, urad dal, potato, beans, peas, spicy flavor, South Indian cuisine"
Kos kootu,"Moong dal, chana dal, cabbage, tamarind, curry leaves",vegetarian,True,main course,spicy,South,10.0,20.0,500.8,9.7,0.8,13.5,9.7,ifct_composition,"Kos kootu (vegetarian) main course with Moong dal, chana dal, cabbage, tamarind, curry leaves, spicy flavor, South Indian cuisine"
Koshambri,"Moong dal, cucumber, curry leaves, green chili, lemon juice",vegetarian,True,main course,spicy,South,10.0,20.0,645.4,11.3,0.9,18.2,7.5,ifct_composition,"Koshambri (vegetarian) main course with Moong dal, cucumber, curry leaves, green chili, lemon juice, spicy flavor, South Indian cuisine"
Kothamali sadam,"Chana dal, urad dal, gooseberry, raw rice, curry leaves",vegetarian,True,main course,spicy,South,10.0,20.0,1034.0,13.2,1.3,41.5,11.1,ifct_composition,"Kothamali sadam (vegetarian) main course with Chana dal, urad dal, gooseberry, raw rice, curry leaves, spicy flavor, South Indian cuisine"
Kuzhakkattai,"Sesame oil, raw rice, jaggery, grated coconut",vegetarian,True,main course,spicy,South,10.0,90.0,795.9,2.6,9.2,23.3,2.9,ifct_composition,"Kuzhakkattai (vegetarian) main course with Sesame oil, raw rice, jaggery, grated coconut, spicy flavor, South Indian cuisine"
Kuzhambu,"Pearl onions, urad dal, drumsticks, tomato, curry leaves",vegetarian,True,main course,spicy,South,5.0,30.0,387.8,7.3,0.7,11.6,8.5,ifct_composition,"Kuzhambu (vegetarian) main course with Pearl onions, urad dal, drumsticks, tomato, curry leaves, spicy flavor, South Indian cuisine"
Masala Dosa,"Chana dal, urad dal, potatoes, idli rice, thick poha",vegetarian,True,snack,spicy,South,360.0,90.0,1042.7,11.3,1.1,44.2,6.0,ifct_composition,"Masala Dosa (vegetarian) snack with Chana dal, urad dal, potatoes, idli rice, thick poha, spicy flavor, South Indian cuisine"
Pachadi,"Coconut oil, cucumber, curd, curry leaves, mustard seeds",vegetarian,False,main course,mild,South,10.0,25.0,97.5,1.9,0.8,1.4,2.9,ifct_composition,"Pachadi (vegetarian) main course with Coconut oil, cucumber, curd, curry leaves, mustard seeds, mild flavor, South Indian cuisine"
Paniyaram,"Yogurt, ginger, curry leaves, baking soda, green chilli",vegetarian,False,main course,mild,South,10.0,20.0,541.0,9.2,1.9,13.9,7.9,ifct_composition,"Paniyaram (vegetarian) main course with Yogurt, ginger, curry leaves, baking soda, green chilli, mild flavor, South Indian cuisine"
Papadum,"Lentils, black pepper, vegetable oil",vegetarian,True,snack,spicy,South,5.0,5.0,298.0,2.9,1.1,11.3,1.4,ifct_composition,"Papadum (vegetarian) snack with Lentils, black pepper, vegetable oil, spicy flavor, South Indian cuisine"
Paravannam,"Raw rice,  jaggery, milk",vegetarian,False,main course,spicy,South,,,1136.3,4.9,2.7,53.9,1.5,ifct_composition,"Paravannam (vegetarian) main course with Raw rice,  jaggery, milk, spicy flavor, South Indian cuisine"
Payasam,"Rice, cashew nuts, milk, raisins, sugar",vegetarian,False,dessert,sweet,South,15.0,30.0,1146.2,6.6,10.7,32.7,2.4,ifct_composition,"Payasam (vegetarian) dessert with Rice, cashew nuts, milk, raisins, sugar, sweet flavor, South Indian cuisine"
Paruppu sadam,"Arhar dal, sambar powder, tomato, curry leaves, fennel seeds",vegetarian,True,main course,mild,South,10.0,20.0,176.5,4.3,0.7,2.5,9.2,ifct_partial,"Paruppu sadam (vegetarian) main course with Arhar dal, sambar powder, tomato, curry leaves, fennel seeds, mild flavor, South Indian cuisine"
Pesarattu,"Green moong beans, rice flour",vegetarian,True,snack,spicy,South,120.0,20.0,1421.5,15.7,1.2,55.2,6.4,ifct_composition,"Pesarattu (vegetarian) snack with Green moong beans, rice flour, spicy flavor, South Indian cuisine"
Poriyal,"Chana dal, urad dal, beans, coconut, mustard",vegetarian,True,main course,spicy,South,,,1054.2,9.4,16.4,14.8,10.1,ifct_composition,"Poriyal (vegetarian) main course with Chana dal, urad dal, beans, coconut, mustard, spicy flavor, South Indian cuisine"
Puli sadam,"Urad dal, lemon, tamarind, cooked rice, curry leaves",vegetarian,True,main course,mild,South,10.0,20.0,710.8,9.2,1.0,26.8,8.8,ifct_composition,"Puli sadam (vegetarian) main course with Urad dal, lemon, tamarind, cooked rice, curry leaves, mild flavor, South Indian cuisine"
Rasam,"Tomato, curry leaves, garlic, mustard seeds, hot water",vegetarian,True,main course,spicy,South,10.0,35.0,249.5,4.7,0.5,6.8,6.9,ifct_composition,"Rasam (vegetarian) main course with Tomato, curry leaves, garlic, mustard seeds, hot water, spicy flavor, South Indian cuisine"
Puttu,"Brown rice flour, sugar, grated coconut",vegetarian,True,main course,mild,South,495.0,40.0,1395.0,7.0,23.0,23.6,8.0,ifct_composition,"Puttu (vegetarian) main course with Brown rice flour, sugar, grated coconut, mild flavor, South Indian cuisine"
Sambar,"Pigeon peas, eggplant, drumsticks, sambar powder, tamarind",vegetarian,True,main course,spicy,South,20.0,45.0,563.8,10.5,2.9,13.7,8.6,ifct_composition,"Sambar (vegetarian) main course with Pigeon peas, eggplant, drumsticks, sambar powder, tamarind, spicy flavor, South Indian cuisine"
Sandige,"Thin rice flakes, black sesame seeds, curry leaves",vegetarian,True,main course,mild,South,120.0,60.0,1078.7,9.8,2.6,42.9,9.1,ifct_composition,"Sandige (vegetarian) main course with Thin rice flakes, black sesame seeds, curry leaves, mild flavor, South Indian cuisine"
Sevai,"Sevai, parboiled rice, steamer",vegetarian,True,main course,mild,South,120.0,30.0,0.0,0.0,0.0,0.0,0.0,ifct_composition,"Sevai (vegetarian) main course with Sevai, parboiled rice, steamer, mild flavor, South Indian cuisine"
Thayir sadam,"Urad dal, curd, sesame oil, ginger, curry leaves, mustard seeds",vegetarian,False,main course,mild,South,10.0,20.0,253.8,4.4,1.0,7.1,4.2,ifct_composition,"Thayir sadam (vegetarian) main course with Urad dal, curd, sesame oil, ginger, curry leaves, mustard seeds, mild flavor, South Indian cuisine"
Theeyal,"Coconut, whole red beans, masala, sesame oil, tamarind",vegetarian,True,main course,mild,South,15.0,20.0,608.1,3.4,9.3,10.5,5.4,ifct_composition,"Theeyal (vegetarian) main course with Coconut, whole red beans, masala, sesame oil, tamarind, mild flavor, South Indian cuisine"
Uttapam,"Chana dal, urad dal, thick poha, tomato, butter",vegetarian,False,snack,spicy,South,10.0,20.0,721.5,12.1,1.0,25.0,6.8,ifct_partial,"Uttapam (vegetarian) snack with Chana dal, urad dal, thick poha, tomato, butter, spicy flavor, South Indian cuisine"
Vada,"Urad dal, ginger, curry leaves, green chilies, black pepper",vegetarian,True,snack,spicy,South,15.0,20.0,941.0,14.2,2.1,31.2,10.1,ifct_composition,"Vada (vegetarian) snack with Urad dal, ginger, curry leaves, green chilies, black pepper, spicy flavor, South Indian cuisine"
Chicken Varuval,"Meat curry powder, chicken chunks, ginger, tomato, cinnamon",non vegetarian,False,main course,spicy,South,10.0,35.0,238.2,6.1,1.9,2.1,2.2,ifct_composition,"Chicken Varuval (non vegetarian) main course with Meat curry powder, chicken chunks, ginger, tomato, cinnamon, spicy flavor, South Indian cuisine"
Upma,"Chana dal, urad dal, ginger, curry leaves, sugar",vegetarian,True,snack,spicy,any,10.0,20.0,484.2,8.3,0.9,15.3,8.7,ifct_composition,"Upma (vegetarian) snack with Chana dal, urad dal, ginger, curry leaves, sugar, spicy flavor, any Indian cuisine"
Amti,"Kala masala, arhar dal, curry leaves, mustard seeds, hot water",vegetarian,True,main course,spicy,West,10.0,45.0,305.3,10.6,2.0,1.7,6.9,ifct_composition,"Amti (vegetarian) main course with Kala masala, arhar dal, curry leaves, mustard seeds, hot water, spicy flavor, West Indian cuisine"
Zunka,"Gram flour, mustard, garlic, turmeric, red chilli",vegetarian,True,main course,spicy,West,10.0,25.0,889.6,11.9,2.6,29.9,12.4,ifct_composition,"Zunka (vegetarian) main course with Gram flour, mustard, garlic, turmeric, red chilli, spicy flavor, West Indian cuisine"
Kolim Jawla,"Baingan, fish, coconut oil, fresh coconut, ginger",non vegetarian,False,main course,spicy,West,,,140.7,4.5,0.3,1.9,1.7,ifct_composition,"Kolim Jawla (non vegetarian) main course with Baingan, fish, coconut oil, fresh coconut, ginger, spicy flavor, West Indian cuisine"
Saath,"Urad dal, potatoes, wheat flour, sooji",vegetarian,True,main course,spicy,West,20.0,40.0,996.0,11.7,1.2,39.7,8.3,ifct_composition,"Saath (vegetarian) main course with Urad dal, potatoes, wheat flour, sooji, spicy flavor, West Indian cuisine"
Bajri no rotlo,"Wheat flour, pearl millet flour, hot water",vegetarian,True,main course,spicy,West,10.0,10.0,748.5,5.5,0.9,33.0,7.9,ifct_composition,"Bajri no rotlo (vegetarian) main course with Wheat flour, pearl millet flour, hot water, spicy flavor, West Indian cuisine"
Coconut vadi,"Condensed milk, mawa, desiccated coconut, almonds, cashews",vegetarian,False,dessert,sweet,West,20.0,30.0,1869.7,9.8,42.8,4.9,9.6,ifct_composition,"Coconut vadi (vegetarian) dessert with Condensed milk, mawa, desiccated coconut, almonds, cashews, sweet flavor, West Indian cuisine"
Bhakri,"Jowar flour, sesame seeds",vegetarian,True,main course,mild,West,20.0,25.0,1398.0,10.0,1.7,61.0,10.2,ifct_composition,"Bhakri (vegetarian) main course with Jowar flour, sesame seeds, mild flavor, West Indian cuisine"
Bombil fry,"Bombay duck, malvani masala, rice flour, bombay rava, green chilies",non vegetarian,False,main course,spicy,West,,,919.2,16.0,2.4,27.6,3.2,ifct_composition,"Bombil fry (non vegetarian) main course with Bombay duck, malvani masala, rice flour, bombay rava, green chilies, spicy flavor, West Indian cuisine"
Chakali,"Rice flour, sesame, plain flour, turmeric, red chilli",vegetarian,True,snack,spicy,West,10.0,40.0,1344.5,11.3,2.2,56.5,11.0,ifct_composition,"Chakali (vegetarian) snack with Rice flour, sesame, plain flour, turmeric, red chilli, spicy flavor, West Indian cuisine"
Chevdo,"Citric acid, fry, raisins, sugar, chana daal",vegetarian,True,snack,spicy,West,20.0,30.0,682.0,1.6,0.2,33.2,2.3,ifct_partial,"Chevdo (vegetarian) snack with Citric acid, fry, raisins, sugar, chana daal, spicy flavor, West Indian cuisine"
Chorafali,"Urad dal, bengal gram flour, dried mango, baking soda, black salt",vegetarian,True,snack,spicy,West,5.0,15.0,1107.0,15.0,3.2,38.8,9.3,ifct_composition,"Chorafali (vegetarian) snack with Urad dal, bengal gram flour, dried mango, baking soda, black salt, spicy flavor, West Indian cuisine"
Copra paak,"Condensed milk, nestle cream, coconut ice, red food coloring, desiccated coconut",vegetarian,False,main course,mild,West,20.0,30.0,1730.8,9.5,33.7,14.9,12.1,ifct_composition,"Copra paak (vegetarian) main course with Condensed milk, nestle cream, coconut ice, red food coloring, desiccated coconut, mild flavor, West Indian cuisine"
Daal Dhokli,"Whole wheat flour, dal, kokum, gur, bengal gram flour",vegetarian,True,main course,spicy,West,20.0,30.0,1381.0,16.1,3.4,50.9,12.6,ifct_composition,"Daal Dhokli (vegetarian) main course with Whole wheat flour, dal, kokum, gur, bengal gram flour, spicy flavor, West Indian cuisine"
Kutchi dabeli,"Pav, aloo, peanut, pomegranate, star anise",vegetarian,True,snack,spicy,West,30.0,10.0,178.0,2.4,0.3,6.2,3.4,ifct_partial,"Kutchi dabeli (vegetarian) snack with Pav, aloo, peanut, pomegranate, star anise, spicy flavor, West Indian cuisine"
Dahi vada,"Urad dal, bhuna chana, garam masala, dates, tamarind",vegetarian,True,snack,mild,West,30.0,30.0,998.3,10.4,0.8,41.1,10.5,ifct_composition,"Dahi vada (vegetarian) snack with Urad dal, bhuna chana, garam masala, dates, tamarind, mild flavor, West Indian cuisine"
Dalithoy,"Arhar dal, coconut oil, curry leaves, mustard seeds, red chilli",vegetarian,True,main course,mild,West,5.0,20.0,235.0,4.4,0.5,6.5,5.3,ifct_composition,"Dalithoy (vegetarian) main course with Arhar dal, coconut oil, curry leaves, mustard seeds, red chilli, mild flavor, West Indian cuisine"
Dhokla,"Rava, coconut, gram flour, mustard, sesame",vegetarian,True,snack,spicy,West,10.0,20.0,1145.5,13.5,18.0,12.5,8.7,ifct_composition,"Dhokla (vegetarian) snack with Rava, coconut, gram flour, mustard, sesame, spicy flavor, West Indian cuisine"
Dudhi halwa,"Bottle gourd, green, raisins, sugar, clarified butter",vegetarian,False,dessert,sweet,West,15.0,30.0,693.2,6.9,0.5,27.4,4.0,ifct_composition,"Dudhi halwa (vegetarian) dessert with Bottle gourd, green, raisins, sugar, clarified butter, sweet flavor, West Indian cuisine"
Gatta curry,"Yogurt, besan, sauce, garam masala powder, gram flour",vegetarian,False,main course,spicy,West,10.0,20.0,1019.7,15.5,5.0,29.3,10.1,ifct_composition,"Gatta curry (vegetarian) main course with Yogurt, besan, sauce, garam masala powder, gram flour, spicy flavor, West Indian cuisine"
Gud papdi,"Wheat flour, jaggery, clarified butter, sliced almonds",vegetarian,False,dessert,sweet,West,10.0,20.0,1789.7,10.3,20.1,48.4,8.1,ifct_composition,"Gud papdi (vegetarian) dessert with Wheat flour, jaggery, clarified butter, sliced almonds, sweet flavor, West Indian cuisine"
Ghooghra,"Dry fruits, semolina, all purpose flour",vegetarian,True,snack,spicy,West,,,1422.0,10.2,1.8,64.2,8.2,ifct_composition,"Ghooghra (vegetarian) snack with Dry fruits, semolina, all purpose flour, spicy flavor, West Indian cuisine"
Handwo,"Bottle gourd, chana dal, cabbage, urad dal, toor dal",vegetarian,True,snack,spicy,West,20.0,30.0,492.3,8.4,0.7,17.1,5.4,ifct_composition,"Handwo (vegetarian) snack with Bottle gourd, chana dal, cabbage, urad dal, toor dal, spicy flavor, West Indian cuisine"
Halvasan,"Whole wheat rava, chia seed, lemon, edible gum, litre milk",vegetarian,False,dessert,sweet,West,,,649.7,4.9,2.9,22.5,3.7,ifct_composition,"Halvasan (vegetarian) dessert with Whole wheat rava, chia seed, lemon, edible gum, litre milk, sweet flavor, West Indian cuisine"
Jeera Aloo,"Green chilies, lemon juice, chili powder, boiled potatoes",vegetarian,True,main course,spicy,West,10.0,30.0,252.7,4.0,0.4,7.4,1.6,ifct_composition,"Jeera Aloo (vegetarian) main course with Green chilies, lemon juice, chili powder, boiled potatoes, spicy flavor, West Indian cuisine"
Kansar,"Wheat flour, cashews, rapeseed oil",vegetarian,True,main course,mild,West,10.0,40.0,268.0,2.1,0.3,11.7,2.3,ifct_composition,"Kansar (vegetarian) main course with Wheat flour, cashews, rapeseed oil, mild flavor, West Indian cuisine"
Keri no ras,"Mango, sugar",vegetarian,True,main course,sour,West,10.0,10.0,145.0,0.6,0.1,6.0,1.9,ifct_composition,"Keri no ras (vegetarian) main course with Mango, sugar, sour flavor, West Indian cuisine"
Khakhra,"Whole wheat flour, low fat, bengal gram flour",vegetarian,True,snack,spicy,West,20.0,40.0,1321.0,18.3,2.5,47.9,14.4,ifct_composition,"Khakhra (vegetarian) snack with Whole wheat flour, low fat, bengal gram flour, spicy flavor, West Indian cuisine"
Khandvi,"Green chili paste, white sesame seeds, gram flour, curry leaves, green chili",vegetarian,True,snack,spicy,West,20.0,45.0,1141.8,19.6,2.0,35.3,12.5,ifct_composition,"Khandvi (vegetarian) snack with Green chili paste, white sesame seeds, gram flour, curry leaves, green chili, spicy flavor, West Indian cuisine"
Kombdi vade,"Rice flour, urad dal, wheat flour, gram flour, turmeric",vegetarian,True,snack,spicy,West,10.0,25.0,1345.4,14.1,2.9,52.6,12.7,ifct_composition,"Kombdi vade (vegetarian) snack with Rice flour, urad dal, wheat flour, gram flour, turmeric, spicy flavor, West Indian cuisine"
Laapsi,"Cinnamon, jaggery, clarified butter, dry roasted",vegetarian,False,main course,spicy,Central,10.0,40.0,1439.0,5.3,2.0,72.7,6.1,ifct_composition,"Laapsi (vegetarian) main course with Cinnamon, jaggery, clarified butter, dry roasted, spicy flavor, Central Indian cuisine"
Koshimbir,"Cucumber, carrot, tomatoes, cilantro",vegetarian,True,main course,spicy,West,10.0,10.0,102.7,0.9,0.3,2.2,2.6,ifct_composition,"Koshimbir (vegetarian) main course with Cucumber, carrot, tomatoes, cilantro, spicy flavor, West Indian cuisine"
Methi na Gota,"Rava, gram flour, lemon juice, turmeric, fenugreek leaves",vegetarian,True,main course,bitter,West,15.0,30.0,663.0,11.0,2.9,18.3,8.3,ifct_composition,"Methi na Gota (vegetarian) main course with Rava, gram flour, lemon juice, turmeric, fenugreek leaves, bitter flavor, West Indian cuisine"
Mohanthal,"Rose water, pistachio, badam, bengal gram flour, saffron",vegetarian,True,dessert,sweet,West,5.0,45.0,1817.0,22.5,23.9,28.0,12.9,ifct_partial,"Mohanthal (vegetarian) dessert with Rose water, pistachio, badam, bengal gram flour, saffron, sweet flavor, West Indian cuisine"
Muthiya,"Bottle gourd, whole wheat flour, rava, sesame seeds, bengal gram flour",vegetarian,True,snack,bitter,West,15.0,30.0,807.5,13.5,2.4,25.3,7.2,ifct_composition,"Muthiya (vegetarian) snack with Bottle gourd, whole wheat flour, rava, sesame seeds, bengal gram flour, bitter flavor, West Indian cuisine"
Patra,"Arbi ke patte, sesame seeds, gur, bengal gram flour, imli",vegetarian,True,snack,spicy,West,10.0,40.0,1403.5,16.2,3.4,51.6,12.0,ifct_partial,"Patra (vegetarian) snack with Arbi ke patte, sesame seeds, gur, bengal gram flour, imli, spicy flavor, West Indian cuisine"
Pav Bhaji,"Pav bhaji masala, gobi, potatoes, green peas, dinner rolls",vegetarian,True,main course,spicy,West,20.0,40.0,827.5,12.7,0.8,26.9,5.5,ifct_partial,"Pav Bhaji (vegetarian) main course with Pav bhaji masala, gobi, potatoes, green peas, dinner rolls, spicy flavor, West Indian cuisine"
Puri Bhaji,"Aloo, urad dal, mustard, ginger, curry leaves",vegetarian,True,main course,spicy,West,10.0,30.0,494.8,9.1,1.0,14.7,9.5,ifct_composition,"Puri Bhaji (vegetarian) main course with Aloo, urad dal, mustard, ginger, curry leaves, spicy flavor, West Indian cuisine"
Sabudana Khichadi,"Raw peanuts, sabudana, lemon, avocado oil, curry leaves, green chili",vegetarian,True,snack,spicy,West,70.0,30.0,407.8,5.1,0.6,15.0,3.8,ifct_composition,"Sabudana Khichadi (vegetarian) snack with Raw peanuts, sabudana, lemon, avocado oil, curry leaves, green chili, spicy flavor, West Indian cuisine"
Sev khamani,"Khaman, pomegranate, sev, powdered sugar, garlic",vegetarian,True,main course,spicy,West,20.0,30.0,373.5,4.1,0.2,15.8,4.0,ifct_partial,"Sev khamani (vegetarian) main course with Khaman, pomegranate, sev, powdered sugar, garlic, spicy flavor, West Indian cuisine"
Sev tameta,"Sev, ginger, tomato, sugar",vegetarian,True,main course,spicy,West,20.0,30.0,134.0,1.3,0.4,3.4,2.6,ifct_composition,"Sev tameta (vegetarian) main course with Sev, ginger, tomato, sugar, spicy flavor, West Indian cuisine"
Namakpara,"Wheat flour, baking soda, all purpose flour, black pepper, sunflower oil",vegetarian,True,snack,spicy,West,10.0,35.0,614.6,5.1,1.1,26.7,3.0,ifct_composition,"Namakpara (vegetarian) snack with Wheat flour, baking soda, all purpose flour, black pepper, sunflower oil, spicy flavor, West Indian cuisine"
Sukhdi,"Whole wheat flour, gur, clarified butter",vegetarian,False,dessert,sweet,West,10.0,20.0,1385.0,10.7,1.5,60.2,10.1,ifct_composition,"Sukhdi (vegetarian) dessert with Whole wheat flour, gur, clarified butter, sweet flavor, West Indian cuisine"
Surnoli,"Rice flakes, yogurt, raw rice, jaggery, grated coconut",vegetarian,False,snack,spicy,West,60.0,10.0,1471.2,5.8,14.1,47.3,4.8,ifct_composition,"Surnoli (vegetarian) snack with Rice flakes, yogurt, raw rice, jaggery, grated coconut, spicy flavor, West Indian cuisine"
Thalipeeth,"Whole wheat flour, rice flour, pearl millet flour, sorghum flour, sesame seeds",vegetarian,True,main course,spicy,West,25.0,30.0,992.3,6.1,1.0,44.8,6.4,ifct_composition,"Thalipeeth (vegetarian) main course with Whole wheat flour, rice flour, pearl millet flour, sorghum flour, sesame seeds, spicy flavor, West Indian cuisine"
Undhiyu,"Sweet potato, surti papdi, baby potatoes, valor papdi, green peas",vegetarian,True,main course,spicy,West,25.0,60.0,691.3,10.2,1.3,19.6,6.3,ifct_composition,"Undhiyu (vegetarian) main course with Sweet potato, surti papdi, baby potatoes, valor papdi, green peas, spicy flavor, West Indian cuisine"
Veg Kolhapuri,"Gobi, potato, beans, khus khus, coconut",vegetarian,True,main course,spicy,West,20.0,30.0,1008.7,4.2,21.2,6.9,8.7,ifct_composition,"Veg Kolhapuri (vegetarian) main course with Gobi, potato, beans, khus khus, coconut, spicy flavor, West Indian cuisine"
Vindaloo,"Chicken, coconut oil, wine vinegar, ginger, green, cinnamon",non vegetarian,False,main course,spicy,West,10.0,40.0,240.3,4.0,0.4,7.0,2.4,ifct_composition,"Vindaloo (non vegetarian) main course with Chicken, coconut oil, wine vinegar, ginger, green, cinnamon, spicy flavor, West Indian cuisine"
Lilva Kachori,"Green garlic chutney, fresh green peas, ginger, lemon juice, plain flour",vegetarian,True,snack,spicy,West,30.0,6.0,897.4,11.5,1.1,33.3,6.9,ifct_composition,"Lilva Kachori (vegetarian) snack with Green garlic chutney, fresh green peas, ginger, lemon juice, plain flour, spicy flavor, West Indian cuisine"
Mag Dhokli,"Moong beans, jaggery, red chillies, oil, salt",vegetarian,True,snack,spicy,West,,,585.0,6.5,0.5,23.8,3.7,ifct_composition,"Mag Dhokli (vegetarian) snack with Moong beans, jaggery, red chillies, oil, salt, spicy flavor, West Indian cuisine"
Khichu,"Rice flour, sesame seeds, baking soda, peanut oil",vegetarian,True,snack,spicy,West,5.0,10.0,296.0,1.5,0.2,13.7,0.7,ifct_composition,"Khichu (vegetarian) snack with Rice flour, sesame seeds, baking soda, peanut oil, spicy flavor, West Indian cuisine"
Thepla,"Chickpea flour, methi leaves, jowar flour, wheat flour",vegetarian,True,snack,spicy,West,15.0,30.0,1371.7,14.0,2.9,53.7,12.2,ifct_composition,"Thepla (vegetarian) snack with Chickpea flour, methi leaves, jowar flour, wheat flour, spicy flavor, West Indian cuisine"
Farsi Puri,"Semolina, clarified butter, oil, white flour, black pepper",vegetarian,False,snack,mild,West,,,622.6,5.2,1.0,26.9,2.8,ifct_composition,"Farsi Puri (vegetarian) snack with Semolina, clarified butter, oil, white flour, black pepper, mild flavor, West Indian cuisine"
Khaman,"Yogurt, fresh coconut, sesame seeds, semolina, gram flour",vegetarian,False,snack,spicy,West,10.0,20.0,854.5,10.9,2.7,28.6,7.8,ifct_composition,"Khaman (vegetarian) snack with Yogurt, fresh coconut, sesame seeds, semolina, gram flour, spicy flavor, West Indian cuisine"
Turiya Patra Vatana sabji,"Ridge gourd, baking soda, sugar, grated coconut, peas",vegetarian,True,main course,spicy,West,35.0,40.0,1013.0,7.4,16.4,14.2,9.3,ifct_composition,"Turiya Patra Vatana sabji (vegetarian) main course with Ridge gourd, baking soda, sugar, grated coconut, peas, spicy flavor, West Indian cuisine"
Churma Ladoo,"Whole wheat flour, khus khus, sesame seeds, dry coconut, gur",vegetarian,True,dessert,sweet,West,12.0,40.0,1389.3,10.1,2.2,60.5,10.8,ifct_composition,"Churma Ladoo (vegetarian) dessert with Whole wheat flour, khus khus, sesame seeds, dry coconut, gur, sweet flavor, West Indian cuisine"
Cheera Doi,"Rice, mango, curd",vegetarian,False,dessert,sweet,East,,,663.3,3.8,1.9,27.2,2.2,ifct_composition,"Cheera Doi (vegetarian) dessert with Rice, mango, curd, sweet flavor, East Indian cuisine"
Gheela Pitha,"Sticky rice, rice flour, jaggery, orange rind",vegetarian,True,dessert,sweet,North East,10.0,30.0,1130.5,4.9,0.7,56.4,2.6,ifct_composition,"Gheela Pitha (vegetarian) dessert with Sticky rice, rice flour, jaggery, orange rind, sweet flavor, North East Indian cuisine"
Khar,"Raw papaya, panch phoran masala, nigella seeds, mustard oil, fennel seeds",vegetarian,True,main course,mild,North East,10.0,20.0,296.0,1.8,0.2,14.4,0.9,ifct_composition,"Khar (vegetarian) main course with Raw papaya, panch phoran masala, nigella seeds, mustard oil, fennel seeds, mild flavor, North East Indian cuisine"
Kumol Sawul,"Rice, eggs, carrot, beetroot",non vegetarian,False,main course,spicy,North East,,,727.7,7.2,3.6,24.3,2.5,ifct_composition,"Kumol Sawul (non vegetarian) main course with Rice, eggs, carrot, beetroot, spicy flavor, North East Indian cuisine"
Luchi,"Maida, vegetable oil",vegetarian,True,main course,mild,East,20.0,30.0,294.4,2.1,0.2,14.4,0.6,ifct_composition,"Luchi (vegetarian) main course with Maida, vegetable oil, mild flavor, East Indian cuisine"
Alu Pitika,"Potatoes, mustard oil, fish, green chillies",non vegetarian,False,main course,spicy,North East,5.0,20.0,295.7,6.8,0.4,7.7,1.6,ifct_composition,"Alu Pitika (non vegetarian) main course with Potatoes, mustard oil, fish, green chillies, spicy flavor, North East Indian cuisine"
Masor tenga,"Ridge gourd, fish, lemon, tomatoes, mustard oil",non vegetarian,False,main course,spicy,North East,15.0,25.0,92.8,3.1,0.3,0.6,0.7,ifct_composition,"Masor tenga (non vegetarian) main course with Ridge gourd, fish, lemon, tomatoes, mustard oil, spicy flavor, North East Indian cuisine"
Bengena Pitika,"Brinjal, onions, salt, sesame seeds, coriander",vegetarian,True,main course,mild,North East,,,117.0,2.5,0.5,1.6,4.5,ifct_composition,"Bengena Pitika (vegetarian) main course with Brinjal, onions, salt, sesame seeds, coriander, mild flavor, North East Indian cuisine"
Bilahi Maas,"Potatoes, garam masala, tomatoes, mustard oil, bay leaf",non vegetarian,False,main course,mild,North East,10.0,20.0,95.1,2.3,0.2,1.9,0.5,ifct_composition,"Bilahi Maas (non vegetarian) main course with Potatoes, garam masala, tomatoes, mustard oil, bay leaf, mild flavor, North East Indian cuisine"
Black rice,"Forbidden black rice, chicken, olive oil, slivered almonds, garlic powder",non vegetarian,False,main course,mild,North East,,,579.5,4.5,7.5,12.1,3.1,ifct_composition,"Black rice (non vegetarian) main course with Forbidden black rice, chicken, olive oil, slivered almonds, garlic powder, mild flavor, North East Indian cuisine"
Bora Sawul,"Biryani masala, mixed vegetables, yellow moong daal, whole red, mustard seeds",vegetarian,True,main course,spicy,North East,,,945.7,12.7,1.1,34.3,8.2,ifct_composition,"Bora Sawul (vegetarian) main course with Biryani masala, mixed vegetables, yellow moong daal, whole red, mustard seeds, spicy flavor, North East Indian cuisine"
Brown Rice,"Brown rice, soy sauce, olive oil",vegetarian,True,main course,mild,any,15.0,25.0,514.2,8.1,4.2,11.5,4.8,ifct_composition,"Brown Rice (vegetarian) main course with Brown rice, soy sauce, olive oil, mild flavor, any Indian cuisine"
Chingri malai curry,"Coconut milk, lobster, fresh green chilli, ginger, red onion",non vegetarian,False,main course,spicy,East,10.0,40.0,945.0,10.5,13.3,12.0,8.8,ifct_composition,"Chingri malai curry (non vegetarian) main course with Coconut milk, lobster, fresh green chilli, ginger, red onion, spicy flavor, East Indian cuisine"
Goja,"Baking soda, clarified butter, oil, all purpose flour",vegetarian,False,dessert,sweet,East,20.0,60.0,294.4,2.1,0.2,14.4,0.6,ifct_composition,"Goja (vegetarian) dessert with Baking soda, clarified butter, oil, all purpose flour, sweet flavor, East Indian cuisine"
Hando Guri,"Jaggery, raisins",vegetarian,True,dessert,sweet,North East,,,1379.5,2.2,0.2,73.6,2.0,ifct_composition,"Hando Guri (vegetarian) dessert with Jaggery, raisins, sweet flavor, North East Indian cuisine"
Haq Maas,"Lamb, garam masala powder, curd, turmeric, bay leaf",non vegetarian,False,main course,spicy,North East,20.0,40.0,588.7,8.2,3.5,16.9,7.1,ifct_composition,"Haq Maas (non vegetarian) main course with Lamb, garam masala powder, curd, turmeric, bay leaf, spicy flavor, North East Indian cuisine"
Chingri Bhape,"Coconut, prawns, curd, mustard seed, green chili",non vegetarian,False,main course,mild,East,15.0,30.0,935.8,10.6,14.0,11.1,5.8,ifct_composition,"Chingri Bhape (non vegetarian) main course with Coconut, prawns, curd, mustard seed, green chili, mild flavor, East Indian cuisine"
Kabiraji,"Fish fillet, besan, lemon, mint, ginger",non vegetarian,False,main course,spicy,East,,,466.0,10.2,1.7,10.1,5.3,ifct_composition,"Kabiraji (non vegetarian) main course with Fish fillet, besan, lemon, mint, ginger, spicy flavor, East Indian cuisine"
Khorisa,"Fermented bamboo shoot, potato, ginger, green, mustard oil",vegetarian,True,main course,spicy,North East,,,244.1,3.6,0.3,7.4,2.2,ifct_composition,"Khorisa (vegetarian) main course with Fermented bamboo shoot, potato, ginger, green, mustard oil, spicy flavor, North East Indian cuisine"
Koldil Chicken,"Banana flower, chicken, green chili, mustard oil, lemon juice",non vegetarian,False,main course,spicy,North East,,,258.5,3.4,0.3,8.1,1.7,ifct_composition,"Koldil Chicken (non vegetarian) main course with Banana flower, chicken, green chili, mustard oil, lemon juice, spicy flavor, North East Indian cuisine"
Konir Dom,"Aloo, tomatoes, mustard oil, bay leaf, cinnamon stick",non vegetarian,False,main course,spicy,North East,,,62.3,2.4,0.2,0.2,0.3,ifct_composition,"Konir Dom (non vegetarian) main course with Aloo, tomatoes, mustard oil, bay leaf, cinnamon stick, spicy flavor, North East Indian cuisine"
Koldil Duck,"Rice flour, mutton, banana, gram flour, olive oil, baking powder",non vegetarian,False,main course,spicy,North East,,,474.3,4.3,1.0,18.3,3.0,ifct_composition,"Koldil Duck (non vegetarian) main course with Rice flour, mutton, banana, gram flour, olive oil, baking powder, spicy flavor, North East Indian cuisine"
Masor Koni,"Fish roe, pumpkin flowers, mustard oil, turmeric, tomato",non vegetarian,False,main course,spicy,North East,,,232.6,4.4,0.9,6.1,3.2,ifct_composition,"Masor Koni (non vegetarian) main course with Fish roe, pumpkin flowers, mustard oil, turmeric, tomato, spicy flavor, North East Indian cuisine"
Mishti Chholar Dal,"Chana dal, fresh coconut, ginger, cinnamon, raisins",vegetarian,True,main course,sweet,East,10.0,30.0,616.3,4.0,0.4,25.3,5.2,ifct_composition,"Mishti Chholar Dal (vegetarian) main course with Chana dal, fresh coconut, ginger, cinnamon, raisins, sweet flavor, East Indian cuisine"
Pakhala,"Curd, cooked rice, curry leaves, dry chilli",vegetarian,False,main course,mild,East,,,862.2,7.2,2.6,35.4,8.4,ifct_composition,"Pakhala (vegetarian) main course with Curd, cooked rice, curry leaves, dry chilli, mild flavor, East Indian cuisine"
Pani Pitha,"Tea leaves, white sesame seeds, dry coconut, soaked rice",vegetarian,True,main course,mild,North East,10.0,20.0,1406.0,13.1,2.1,60.2,9.5,ifct_composition,"Pani Pitha (vegetarian) main course with Tea leaves, white sesame seeds, dry coconut, soaked rice, mild flavor, North East Indian cuisine"
Payokh,"Basmati rice, rose water, sugar, clarified butter, cardamom pods",vegetarian,False,dessert,sweet,North East,,,877.3,6.0,1.3,36.5,9.4,ifct_composition,"Payokh (vegetarian) dessert with Basmati rice, rose water, sugar, clarified butter, cardamom pods, sweet flavor, North East Indian cuisine"
Prawn malai curry,"Coconut milk, prawns, garlic, turmeric, sugar",non vegetarian,False,main course,spicy,East,15.0,50.0,932.2,7.5,13.8,15.4,8.6,ifct_composition,"Prawn malai curry (non vegetarian) main course with Coconut milk, prawns, garlic, turmeric, sugar, spicy flavor, East Indian cuisine"
Red Rice,"Red pepper, red onion, butter, watercress, olive oil",vegetarian,False,main course,mild,any,,,417.3,6.6,0.6,13.4,5.5,ifct_composition,"Red Rice (vegetarian) main course with Red pepper, red onion, butter, watercress, olive oil, mild flavor, any Indian cuisine"
Shukto,"Green beans, bitter gourd, ridge gourd, banana, brinjal",vegetarian,True,main course,spicy,East,10.0,20.0,422.8,6.0,0.5,12.8,4.5,ifct_composition,"Shukto (vegetarian) main course with Green beans, bitter gourd, ridge gourd, banana, brinjal, spicy flavor, East Indian cuisine"
Til Pitha,"Glutinous rice, black sesame seeds, gur",vegetarian,True,dessert,sweet,North East,5.0,30.0,1466.7,11.5,2.8,63.5,6.8,ifct_composition,"Til Pitha (vegetarian) dessert with Glutinous rice, black sesame seeds, gur, sweet flavor, North East Indian cuisine"
Bebinca,"Coconut milk, egg yolks, clarified butter, all purpose flour",vegetarian,False,dessert,sweet,West,20.0,60.0,1549.0,10.3,24.4,26.2,6.2,ifct_composition,"Bebinca (vegetarian) dessert with Coconut milk, egg yolks, clarified butter, all purpose flour, sweet flavor, West Indian cuisine"
Shufta,"Cottage cheese, dry dates, dried rose petals, pistachio, badam",vegetarian,False,dessert,sweet,North,,,1658.7,11.8,15.7,48.6,8.7,ifct_composition,"Shufta (vegetarian) dessert with Cottage cheese, dry dates, dried rose petals, pistachio, badam, sweet flavor, North Indian cuisine"
Mawa Bati,"Milk powder, dry fruits, arrowroot powder, all purpose flour",vegetarian,False,dessert,sweet,Central,20.0,45.0,1106.3,7.6,3.7,46.1,5.0,ifct_composition,"Mawa Bati (vegetarian) dessert with Milk powder, dry fruits, arrowroot powder, all purpose flour, sweet flavor, Central Indian cuisine"
Pinaca,"Brown rice, fennel seeds, grated coconut, black pepper, ginger powder",vegetarian,True,dessert,sweet,West,,,1455.0,9.3,18.9,32.2,8.9,ifct_composition,"Pinaca (vegetarian) dessert with Brown rice, fennel seeds, grated coconut, black pepper, ginger powder, sweet flavor, West Indian cuisine"
