filepath,label
D:\Projects\fitai\datasets\raw\yoga\DATASET\TRAIN\goddess\00000135.jpeg,goddess
D:\Projects\fitai\datasets\raw\yoga\DATASET\TRAIN\warrior2\00000341.jpg,warrior2
D:\Projects\fitai\datasets\raw\yoga\DATASET\TRAIN\plank\00000327.jpg,plank
D:\Projects\fitai\datasets\raw\yoga\DATASET\TRAIN\downdog\00000348.jpg,downdog
D:\Projects\fitai\datasets\raw\yoga\DATASET\TRAIN\goddess\00000337.jpg,goddess
D:\Projects\fitai\datasets\raw\yoga\DATASET\TRAIN\plank\00000176.jpg,plank
D:\Projects\fitai\datasets\raw\yoga\DATASET\TRAIN\warrior2\00000136.jpg,warrior2
D:\Projects\fitai\datasets\raw\yoga\DATASET\TRAIN\warrior2\00000236.jpg,warrior2
D:\Projects\fitai\datasets\raw\yoga\DATASET\TRAIN\goddess\00000298.jpg,goddess
D:\Projects\fitai\datasets\raw\yoga\DATASET\TRAIN\goddess\00000178.jpg,goddess
D:\Projects\fitai\datasets\raw\yoga\DATASET\TRAIN\goddess\00000206.jpg,goddess
D:\Projects\fitai\datasets\raw\yoga\DATASET\TRAIN\plank\00000348.jpg,plank
D:\Projects\fitai\datasets\raw\yoga\DATASET\TRAIN\warrior2\00000369.jpg,warrior2
D:\Projects\fitai\datasets\raw\yoga\DATASET\TRAIN\plank\00000389.jpg,plank
D:\Projects\fitai\datasets\raw\yoga\DATASET\TRAIN\warrior2\00000327.jpg,warrior2
D:\Projects\fitai\datasets\raw\yoga\DATASET\TRAIN\downdog\00000274.jpg,downdog
D:\Projects\fitai\datasets\raw\yoga\DATASET\TRAIN\goddess\00000097.jpg,goddess
D:\Projects\fitai\datasets\raw\yoga\DATASET\TRAIN\plank\00000203.jpg,plank
D:\Projects\fitai\datasets\raw\yoga\DATASET\TRAIN\tree\00000088.jpg,tree
D:\Projects\fitai\datasets\raw\yoga\DATASET\TRAIN\warrior2\00000309.jpg,warrior2
D:\Projects\fitai\datasets\raw\yoga\DATASET\TRAIN\goddess\00000266.jpg,goddess
D:\Projects\fitai\datasets\raw\yoga\DATASET\TRAIN\goddess\00000193.png,goddess
D:\Projects\fitai\datasets\raw\yoga\DATASET\TRAIN\plank\00000299.jpg,plank
D:\Projects\fitai\datasets\raw\yoga\DATASET\TRAIN\goddess\00000398.jpg,goddess
D:\Projects\fitai\datasets\raw\yoga\DATASET\TRAIN\tree\00000123.jpg,tree
D:\Projects\fitai\datasets\raw\yoga\DATASET\TRAIN\plank\00000399.jpg,plank
D:\Projects\fitai\datasets\raw\yoga\DATASET\TRAIN\downdog\00000341.jpg,downdog
D:\Projects\fitai\datasets\raw\yoga\DATASET\TRAIN\downdog\00000417.jpg,downdog
D:\Projects\fitai\datasets\raw\yoga\DATASET\TRAIN\warrior2\00000268.jpg,warrior2
D:\Projects\fitai\datasets\raw\yoga\DATASET\TRAIN\tree\00000197.jpg,tree
D:\Projects\fitai\datasets\raw\yoga\DATASET\TRAIN\warrior2\00000317.jpg,warrior2
D:\Projects\fitai\datasets\raw\yoga\DATASET\TRAIN\warrior2\00000165.jpg,warrior2
D:\Projects\fitai\datasets\raw\yoga\DATASET\TRAIN\tree\00000132.jpg,tree
D:\Projects\fitai\datasets\raw\yoga\DATASET\TRAIN\downdog\00000408.jpg,downdog
D:\Projects\fitai\datasets\raw\yoga\DATASET\TRAIN\plank\00000192.jpg,plank
D:\Projects\fitai\datasets\raw\yoga\DATASET\TRAIN\downdog\00000155.jpg,downdog
D:\Projects\fitai\datasets\raw\yoga\DATASET\TRAIN\warrior2\00000157.jpg,warrior2
D:\Projects\fitai\datasets\raw\yoga\DATASET\TRAIN\goddess\00000315.jpg,goddess
D:\Projects\fitai\datasets\raw\yoga\DATASET\TRAIN\warrior2\00000121.jpg,warrior2
D:\Projects\fitai\datasets\raw\yoga\DATASET\TRAIN\downdog\00000215.jpg,downdog
D:\Projects\fitai\datasets\raw\yoga\DATASET\TRAIN\warrior2\00000205.jpg,warrior2
D:\Projects\fitai\datasets\raw\yoga\DATASET\TRAIN\downdog\00000304.jpg,downdog
D:\Projects\fitai\datasets\raw\yoga\DATASET\TRAIN\plank\00000201.jpg,plank
D:\Projects\fitai\datasets\raw\yoga\DATASET\TRAIN\goddess\00000231.jpg,goddess
D:\Projects\fitai\datasets\raw\yoga\DATASET\TRAIN\warrior2\00000222.jpg,warrior2
D:\Projects\fitai\datasets\raw\yoga\DATASET\TRAIN\goddess\00000355.jpg,goddess
D:\Projects\fitai\datasets\raw\yoga\DATASET\TRAIN\warrior2\00000291.jpg,warrior2
D:\Projects\fitai\datasets\raw\yoga\DATASET\TRAIN\plank\00000220.jpg,plank
D:\Projects\fitai\datasets\raw\yoga\DATASET\TRAIN\tree\00000077.jpg,tree
D:\Projects\fitai\datasets\raw\yoga\DATASET\TRAIN\plank\00000372.JPG,plank
D:\Projects\fitai\datasets\raw\yoga\DATASET\TRAIN\downdog\00000298.jpg,downdog
D:\Projects\fitai\datasets\raw\yoga\DATASET\TRAIN\plank\00000253.jpg,plank
D:\Projects\fitai\datasets\raw\yoga\DATASET\TRAIN\goddess\00000128.jpg,goddess
D:\Projects\fitai\datasets\raw\yoga\DATASET\TRAIN\plank\00000362.jpg,plank
D:\Projects\fitai\datasets\raw\yoga\DATASET\TRAIN\plank\00000300.jpg,plank
D:\Projects\fitai\datasets\raw\yoga\DATASET\TRAIN\warrior2\00000406.jpg,warrior2
D:\Projects\fitai\datasets\raw\yoga\DATASET\TRAIN\plank\00000242.jpg,plank
D:\Projects\fitai\datasets\raw\yoga\DATASET\TRAIN\downdog\00000340.jpg,downdog
D:\Projects\fitai\datasets\raw\yoga\DATASET\TRAIN\goddess\00000346.jpg,goddess
D:\Projects\fitai\datasets\raw\yoga\DATASET\TRAIN\warrior2\00000300.jpg,warrior2
D:\Projects\fitai\datasets\raw\yoga\DATASET\TRAIN\warrior2\00000329.jpg,warrior2
D:\Projects\fitai\datasets\raw\yoga\DATASET\TRAIN\warrior2\00000220.jpg,warrior2
D:\Projects\fitai\datasets\raw\yoga\DATASET\TRAIN\downdog\00000228.png,downdog
D:\Projects\fitai\datasets\raw\yoga\DATASET\TRAIN\downdog\00000309.jpg,downdog
D:\Projects\fitai\datasets\raw\yoga\DATASET\TRAIN\plank\00000418.jpg,plank
D:\Projects\fitai\datasets\raw\yoga\DATASET\TRAIN\tree\00000201.jpg,tree
D:\Projects\fitai\datasets\raw\yoga\DATASET\TRAIN\tree\00000155.jpg,tree
D:\Projects\fitai\datasets\raw\yoga\DATASET\TRAIN\plank\00000205.jpg,plank
D:\Projects\fitai\datasets\raw\yoga\DATASET\TRAIN\plank\00000434.jpg,plank
D:\Projects\fitai\datasets\raw\yoga\DATASET\TRAIN\warrior2\00000251.jpg,warrior2
D:\Projects\fitai\datasets\raw\yoga\DATASET\TRAIN\tree\00000194.jpg,tree
D:\Projects\fitai\datasets\raw\yoga\DATASET\TRAIN\warrior2\00000186.jpg,warrior2
D:\Projects\fitai\datasets\raw\yoga\DATASET\TRAIN\tree\00000118.jpg,tree
D:\Projects\fitai\datasets\raw\yoga\DATASET\TRAIN\downdog\00000243.jpg,downdog
D:\Projects\fitai\datasets\raw\yoga\DATASET\TRAIN\goddess\00000157.png,goddess
D:\Projects\fitai\datasets\raw\yoga\DATASET\TRAIN\goddess\00000171.jpg,goddess
D:\Projects\fitai\datasets\raw\yoga\DATASET\TRAIN\downdog\00000255.jpg,downdog
D:\Projects\fitai\datasets\raw\yoga\DATASET\TRAIN\goddess\00000261.png,goddess
D:\Projects\fitai\datasets\raw\yoga\DATASET\TRAIN\plank\00000238.png,plank
D:\Projects\fitai\datasets\raw\yoga\DATASET\TRAIN\plank\00000437.jpg,plank
D:\Projects\fitai\datasets\raw\yoga\DATASET\TRAIN\tree\00000175.jpg,tree
D:\Projects\fitai\datasets\raw\yoga\DATASET\TRAIN\downdog\00000366.png,downdog
D:\Projects\fitai\datasets\raw\yoga\DATASET\TRAIN\plank\00000131.jpg,plank
D:\Projects\fitai\datasets\raw\yoga\DATASET\TRAIN\downdog\00000194.jpg,downdog
D:\Projects\fitai\datasets\raw\yoga\DATASET\TRAIN\goddess\00000233.jpg,goddess
D:\Projects\fitai\datasets\raw\yoga\DATASET\TRAIN\warrior2\00000149.jpg,warrior2
D:\Projects\fitai\datasets\raw\yoga\DATASET\TRAIN\goddess\00000318.jpg,goddess
D:\Projects\fitai\datasets\raw\yoga\DATASET\TRAIN\plank\00000204.png,plank
D:\Projects\fitai\datasets\raw\yoga\DATASET\TRAIN\downdog\00000388.png,downdog
D:\Projects\fitai\datasets\raw\yoga\DATASET\TRAIN\downdog\00000412.jpg,downdog
D:\Projects\fitai\datasets\raw\yoga\DATASET\TRAIN\tree\00000165.jpg,tree
D:\Projects\fitai\datasets\raw\yoga\DATASET\TRAIN\plank\00000260.jpg,plank
D:\Projects\fitai\datasets\raw\yoga\DATASET\TRAIN\warrior2\00000361.jpg,warrior2
D:\Projects\fitai\datasets\raw\yoga\DATASET\TRAIN\downdog\00000258.jpg,downdog
D:\Projects\fitai\datasets\raw\yoga\DATASET\TRAIN\goddess\00000303.jpg,goddess
D:\Projects\fitai\datasets\raw\yoga\DATASET\TRAIN\downdog\00000186.png,downdog
D:\Projects\fitai\datasets\raw\yoga\DATASET\TRAIN\downdog\00000159.jpg,downdog
D:\Projects\fitai\datasets\raw\yoga\DATASET\TRAIN\warrior2\00000335.jpg,warrior2
D:\Projects\fitai\datasets\raw\yoga\DATASET\TRAIN\warrior2\00000233.jpg,warrior2
D:\Projects\fitai\datasets\raw\yoga\DATASET\TRAIN\tree\00000109.jpg,tree
D:\Projects\fitai\datasets\raw\yoga\DATASET\TRAIN\plank\00000306.jpg,plank
D:\Projects\fitai\datasets\raw\yoga\DATASET\TRAIN\warrior2\00000311.jpg,warrior2
D:\Projects\fitai\datasets\raw\yoga\DATASET\TRAIN\warrior2\00000348.jpg,warrior2
D:\Projects\fitai\datasets\raw\yoga\DATASET\TRAIN\plank\00000367.jpg,plank
D:\Projects\fitai\datasets\raw\yoga\DATASET\TRAIN\downdog\00000303.jpg,downdog
D:\Projects\fitai\datasets\raw\yoga\DATASET\TRAIN\plank\00000227.jpg,plank
D:\Projects\fitai\datasets\raw\yoga\DATASET\TRAIN\goddess\00000096.jpg,goddess
D:\Projects\fitai\datasets\raw\yoga\DATASET\TRAIN\plank\00000287.jpg,plank
D:\Projects\fitai\datasets\raw\yoga\DATASET\TRAIN\warrior2\00000227.jpg,warrior2
D:\Projects\fitai\datasets\raw\yoga\DATASET\TRAIN\downdog\00000322.jpg,downdog
D:\Projects\fitai\datasets\raw\yoga\DATASET\TRAIN\plank\00000423.jpg,plank
D:\Projects\fitai\datasets\raw\yoga\DATASET\TRAIN\warrior2\00000336.jpg,warrior2
D:\Projects\fitai\datasets\raw\yoga\DATASET\TRAIN\goddess\00000358.jpg,goddess
D:\Projects\fitai\datasets\raw\yoga\DATASET\TRAIN\downdog\00000308.jpg,downdog
D:\Projects\fitai\datasets\raw\yoga\DATASET\TRAIN\plank\00000277.jpg,plank
D:\Projects\fitai\datasets\raw\yoga\DATASET\TRAIN\warrior2\00000132.jpg,warrior2
D:\Projects\fitai\datasets\raw\yoga\DATASET\TRAIN\downdog\00000134.jpg,downdog
D:\Projects\fitai\datasets\raw\yoga\DATASET\TRAIN\downdog\00000226.JPG,downdog
D:\Projects\fitai\datasets\raw\yoga\DATASET\TRAIN\plank\00000217.jpg,plank
D:\Projects\fitai\datasets\raw\yoga\DATASET\TRAIN\plank\00000135.jpg,plank
D:\Projects\fitai\datasets\raw\yoga\DATASET\TRAIN\goddess\00000181.jpg,goddess
D:\Projects\fitai\datasets\raw\yoga\DATASET\TRAIN\tree\File38.jpg,tree
D:\Projects\fitai\datasets\raw\yoga\DATASET\TRAIN\downdog\00000151.jpg,downdog
D:\Projects\fitai\datasets\raw\yoga\DATASET\TRAIN\warrior2\00000270.jpg,warrior2
D:\Projects\fitai\datasets\raw\yoga\DATASET\TRAIN\tree\00000153.jpg,tree
D:\Projects\fitai\datasets\raw\yoga\DATASET\TRAIN\goddess\00000204.jpg,goddess
D:\Projects\fitai\datasets\raw\yoga\DATASET\TRAIN\goddess\00000145.jpg,goddess
D:\Projects\fitai\datasets\raw\yoga\DATASET\TRAIN\plank\00000303.jpg,plank
D:\Projects\fitai\datasets\raw\yoga\DATASET\TRAIN\downdog\00000293.jpg,downdog
D:\Projects\fitai\datasets\raw\yoga\DATASET\TRAIN\warrior2\00000212.jpg,warrior2
D:\Projects\fitai\datasets\raw\yoga\DATASET\TRAIN\plank\00000429.jpg,plank
D:\Projects\fitai\datasets\raw\yoga\DATASET\TRAIN\goddess\00000136.jpg,goddess
D:\Projects\fitai\datasets\raw\yoga\DATASET\TRAIN\downdog\00000378.jpg,downdog
D:\Projects\fitai\datasets\raw\yoga\DATASET\TRAIN\downdog\00000270.jpg,downdog
D:\Projects\fitai\datasets\raw\yoga\DATASET\TRAIN\downdog\00000301.jpg,downdog
D:\Projects\fitai\datasets\raw\yoga\DATASET\TRAIN\plank\00000168.jpg,plank
D:\Projects\fitai\datasets\raw\yoga\DATASET\TRAIN\tree\00000125.jpg,tree
D:\Projects\fitai\datasets\raw\yoga\DATASET\TRAIN\warrior2\00000221.jpg,warrior2
D:\Projects\fitai\datasets\raw\yoga\DATASET\TRAIN\tree\00000098.jpg,tree
D:\Projects\fitai\datasets\raw\yoga\DATASET\TRAIN\warrior2\00000256.jpg,warrior2
D:\Projects\fitai\datasets\raw\yoga\DATASET\TRAIN\goddess\00000381.jpg,goddess
D:\Projects\fitai\datasets\raw\yoga\DATASET\TRAIN\tree\File12.jpg,tree
D:\Projects\fitai\datasets\raw\yoga\DATASET\TRAIN\tree\File72.jpg,tree
D:\Projects\fitai\datasets\raw\yoga\DATASET\TRAIN\downdog\00000225.jpg,downdog
D:\Projects\fitai\datasets\raw\yoga\DATASET\TRAIN\tree\00000112.jpg,tree
D:\Projects\fitai\datasets\raw\yoga\DATASET\TRAIN\warrior2\00000295.jpg,warrior2
D:\Projects\fitai\datasets\raw\yoga\DATASET\TRAIN\downdog\00000326.jpg,downdog
D:\Projects\fitai\datasets\raw\yoga\DATASET\TRAIN\goddess\00000251.jpg,goddess
D:\Projects\fitai\datasets\raw\yoga\DATASET\TRAIN\tree\00000191.jpg,tree
D:\Projects\fitai\datasets\raw\yoga\DATASET\TRAIN\warrior2\00000433.jpg,warrior2
D:\Projects\fitai\datasets\raw\yoga\DATASET\TRAIN\tree\00000136.jpg,tree
D:\Projects\fitai\datasets\raw\yoga\DATASET\TRAIN\warrior2\00000332.jpg,warrior2
D:\Projects\fitai\datasets\raw\yoga\DATASET\TRAIN\goddess\00000191.jpg,goddess
D:\Projects\fitai\datasets\raw\yoga\DATASET\TRAIN\plank\00000314.jpg,plank
D:\Projects\fitai\datasets\raw\yoga\DATASET\TRAIN\tree\00000129.jpg,tree
D:\Projects\fitai\datasets\raw\yoga\DATASET\TRAIN\plank\00000319.jpg,plank
D:\Projects\fitai\datasets\raw\yoga\DATASET\TRAIN\plank\00000244.jpg,plank
D:\Projects\fitai\datasets\raw\yoga\DATASET\TRAIN\goddess\00000172.jpg,goddess
D:\Projects\fitai\datasets\raw\yoga\DATASET\TRAIN\plank\00000336.jpg,plank
D:\Projects\fitai\datasets\raw\yoga\DATASET\TRAIN\downdog\00000347.jpg,downdog
D:\Projects\fitai\datasets\raw\yoga\DATASET\TRAIN\goddess\00000395.jpg,goddess
D:\Projects\fitai\datasets\raw\yoga\DATASET\TRAIN\plank\00000240.jpg,plank
D:\Projects\fitai\datasets\raw\yoga\DATASET\TRAIN\warrior2\00000254.jpg,warrior2
D:\Projects\fitai\datasets\raw\yoga\DATASET\TRAIN\goddess\00000176.jpg,goddess
D:\Projects\fitai\datasets\raw\yoga\DATASET\TRAIN\warrior2\00000141.jpg,warrior2
D:\Projects\fitai\datasets\raw\yoga\DATASET\TRAIN\warrior2\00000322.jpg,warrior2
D:\Projects\fitai\datasets\raw\yoga\DATASET\TRAIN\downdog\00000263.jpg,downdog
D:\Projects\fitai\datasets\raw\yoga\DATASET\TRAIN\plank\00000249.jpg,plank
D:\Projects\fitai\datasets\raw\yoga\DATASET\TRAIN\plank\00000224.jpg,plank
D:\Projects\fitai\datasets\raw\yoga\DATASET\TRAIN\tree\00000096.jpg,tree
D:\Projects\fitai\datasets\raw\yoga\DATASET\TRAIN\plank\00000365.jpg,plank
D:\Projects\fitai\datasets\raw\yoga\DATASET\TRAIN\warrior2\00000410.jpg,warrior2
D:\Projects\fitai\datasets\raw\yoga\DATASET\TRAIN\plank\00000200.png,plank
D:\Projects\fitai\datasets\raw\yoga\DATASET\TRAIN\warrior2\00000425.jpg,warrior2
D:\Projects\fitai\datasets\raw\yoga\DATASET\TRAIN\warrior2\00000211.jpg,warrior2
D:\Projects\fitai\datasets\raw\yoga\DATASET\TRAIN\plank\00000285.jpg,plank
D:\Projects\fitai\datasets\raw\yoga\DATASET\TRAIN\tree\00000150.jpg,tree
D:\Projects\fitai\datasets\raw\yoga\DATASET\TRAIN\warrior2\00000155.jpg,warrior2
D:\Projects\fitai\datasets\raw\yoga\DATASET\TRAIN\warrior2\00000337.jpg,warrior2
D:\Projects\fitai\datasets\raw\yoga\DATASET\TRAIN\plank\00000435.JPG,plank
D:\Projects\fitai\datasets\raw\yoga\DATASET\TRAIN\goddess\00000301.JPG,goddess
D:\Projects\fitai\datasets\raw\yoga\DATASET\TRAIN\tree\00000147.jpg,tree
D:\Projects\fitai\datasets\raw\yoga\DATASET\TRAIN\warrior2\00000307.jpg,warrior2
D:\Projects\fitai\datasets\raw\yoga\DATASET\TRAIN\plank\00000428.jpg,plank
D:\Projects\fitai\datasets\raw\yoga\DATASET\TRAIN\warrior2\00000313.jpg,warrior2
D:\Projects\fitai\datasets\raw\yoga\DATASET\TRAIN\downdog\00000377.jpg,downdog
D:\Projects\fitai\datasets\raw\yoga\DATASET\TRAIN\tree\00000172.jpg,tree
D:\Projects\fitai\datasets\raw\yoga\DATASET\TRAIN\downdog\00000132.png,downdog
D:\Projects\fitai\datasets\raw\yoga\DATASET\TRAIN\tree\00000126.jpg,tree
D:\Projects\fitai\datasets\raw\yoga\DATASET\TRAIN\downdog\00000209.jpg,downdog
D:\Projects\fitai\datasets\raw\yoga\DATASET\TRAIN\downdog\00000342.jpg,downdog
D:\Projects\fitai\datasets\raw\yoga\DATASET\TRAIN\goddess\00000115.jpg,goddess
D:\Projects\fitai\datasets\raw\yoga\DATASET\TRAIN\plank\00000410.jpg,plank
D:\Projects\fitai\datasets\raw\yoga\DATASET\TRAIN\tree\00000174.jpg,tree
D:\Projects\fitai\datasets\raw\yoga\DATASET\TRAIN\plank\00000276.jpg,plank
D:\Projects\fitai\datasets\raw\yoga\DATASET\TRAIN\downdog\00000247.jpg,downdog
D:\Projects\fitai\datasets\raw\yoga\DATASET\TRAIN\downdog\00000138.jpg,downdog
D:\Projects\fitai\datasets\raw\yoga\DATASET\TRAIN\downdog\00000331.jpg,downdog
D:\Projects\fitai\datasets\raw\yoga\DATASET\TRAIN\warrior2\00000264.jpg,warrior2
D:\Projects\fitai\datasets\raw\yoga\DATASET\TRAIN\tree\00000086.png,tree
D:\Projects\fitai\datasets\raw\yoga\DATASET\TRAIN\warrior2\00000209.JPG,warrior2
D:\Projects\fitai\datasets\raw\yoga\DATASET\TRAIN\plank\00000130.jpg,plank
D:\Projects\fitai\datasets\raw\yoga\DATASET\TRAIN\plank\00000380.jpg,plank
D:\Projects\fitai\datasets\raw\yoga\DATASET\TRAIN\plank\00000295.jpg,plank
D:\Projects\fitai\datasets\raw\yoga\DATASET\TRAIN\goddess\00000126.JPG,goddess
D:\Projects\fitai\datasets\raw\yoga\DATASET\TRAIN\plank\00000137.jpg,plank
D:\Projects\fitai\datasets\raw\yoga\DATASET\TRAIN\goddess\00000250.jpg,goddess
D:\Projects\fitai\datasets\raw\yoga\DATASET\TRAIN\plank\00000150.jpg,plank
D:\Projects\fitai\datasets\raw\yoga\DATASET\TRAIN\plank\00000292.jpg,plank
D:\Projects\fitai\datasets\raw\yoga\DATASET\TRAIN\tree\00000087.jpg,tree
D:\Projects\fitai\datasets\raw\yoga\DATASET\TRAIN\goddess\00000360.jpg,goddess
D:\Projects\fitai\datasets\raw\yoga\DATASET\TRAIN\warrior2\00000413.jpg,warrior2
D:\Projects\fitai\datasets\raw\yoga\DATASET\TRAIN\downdog\00000330.jpg,downdog
D:\Projects\fitai\datasets\raw\yoga\DATASET\TRAIN\downdog\00000272.jpg,downdog
D:\Projects\fitai\datasets\raw\yoga\DATASET\TRAIN\plank\00000279.jpg,plank
D:\Projects\fitai\datasets\raw\yoga\DATASET\TRAIN\warrior2\00000260.jpg,warrior2
D:\Projects\fitai\datasets\raw\yoga\DATASET\TRAIN\downdog\00000281.jpg,downdog
D:\Projects\fitai\datasets\raw\yoga\DATASET\TRAIN\goddess\00000107.jpg,goddess
D:\Projects\fitai\datasets\raw\yoga\DATASET\TRAIN\downdog\00000161.jpg,downdog
D:\Projects\fitai\datasets\raw\yoga\DATASET\TRAIN\plank\00000320.jpg,plank
D:\Projects\fitai\datasets\raw\yoga\DATASET\TRAIN\downdog\00000208.jpg,downdog
D:\Projects\fitai\datasets\raw\yoga\DATASET\TRAIN\downdog\00000306.jpg,downdog
D:\Projects\fitai\datasets\raw\yoga\DATASET\TRAIN\plank\00000223.jpg,plank
D:\Projects\fitai\datasets\raw\yoga\DATASET\TRAIN\tree\File47.jpg,tree
D:\Projects\fitai\datasets\raw\yoga\DATASET\TRAIN\tree\00000083.jpg,tree
D:\Projects\fitai\datasets\raw\yoga\DATASET\TRAIN\plank\00000160.jpg,plank
D:\Projects\fitai\datasets\raw\yoga\DATASET\TRAIN\downdog\00000393.jpg,downdog
D:\Projects\fitai\datasets\raw\yoga\DATASET\TRAIN\downdog\00000251.jpg,downdog
D:\Projects\fitai\datasets\raw\yoga\DATASET\TRAIN\downdog\00000254.jpg,downdog
D:\Projects\fitai\datasets\raw\yoga\DATASET\TRAIN\tree\00000164.jpg,tree
D:\Projects\fitai\datasets\raw\yoga\DATASET\TRAIN\plank\00000263.png,plank
D:\Projects\fitai\datasets\raw\yoga\DATASET\TRAIN\plank\00000312.jpg,plank
D:\Projects\fitai\datasets\raw\yoga\DATASET\TRAIN\warrior2\00000318.jpg,warrior2
D:\Projects\fitai\datasets\raw\yoga\DATASET\TRAIN\tree\00000171.jpg,tree
D:\Projects\fitai\datasets\raw\yoga\DATASET\TRAIN\plank\00000267.png,plank
D:\Projects\fitai\datasets\raw\yoga\DATASET\TRAIN\tree\00000080.jpg,tree
D:\Projects\fitai\datasets\raw\yoga\DATASET\TRAIN\downdog\00000238.jpg,downdog
D:\Projects\fitai\datasets\raw\yoga\DATASET\TRAIN\goddess\00000375.jpg,goddess
D:\Projects\fitai\datasets\raw\yoga\DATASET\TRAIN\warrior2\00000265.jpg,warrior2
D:\Projects\fitai\datasets\raw\yoga\DATASET\TRAIN\plank\00000154.jpg,plank
D:\Projects\fitai\datasets\raw\yoga\DATASET\TRAIN\plank\00000272.jpg,plank
D:\Projects\fitai\datasets\raw\yoga\DATASET\TRAIN\warrior2\00000321.jpg,warrior2
D:\Projects\fitai\datasets\raw\yoga\DATASET\TRAIN\tree\00000099.jpg,tree
D:\Projects\fitai\datasets\raw\yoga\DATASET\TRAIN\goddess\00000369.jpg,goddess
D:\Projects\fitai\datasets\raw\yoga\DATASET\TRAIN\plank\00000129.jpg,plank
D:\Projects\fitai\datasets\raw\yoga\DATASET\TRAIN\warrior2\00000160.jpg,warrior2
D:\Projects\fitai\datasets\raw\yoga\DATASET\TRAIN\warrior2\00000375.jpg,warrior2
D:\Projects\fitai\datasets\raw\yoga\DATASET\TRAIN\tree\00000177.png,tree
D:\Projects\fitai\datasets\raw\yoga\DATASET\TRAIN\downdog\00000197.jpg,downdog
D:\Projects\fitai\datasets\raw\yoga\DATASET\TRAIN\plank\00000159.png,plank
D:\Projects\fitai\datasets\raw\yoga\DATASET\TRAIN\goddess\00000285.jpg,goddess
D:\Projects\fitai\datasets\raw\yoga\DATASET\TRAIN\tree\File13.jpg,tree
D:\Projects\fitai\datasets\raw\yoga\DATASET\TRAIN\downdog\00000277.jpg,downdog
D:\Projects\fitai\datasets\raw\yoga\DATASET\TRAIN\warrior2\00000177.jpg,warrior2
D:\Projects\fitai\datasets\raw\yoga\DATASET\TRAIN\downdog\00000349.png,downdog
D:\Projects\fitai\datasets\raw\yoga\DATASET\TRAIN\downdog\00000312.jpg,downdog
D:\Projects\fitai\datasets\raw\yoga\DATASET\TRAIN\downdog\00000387.jpg,downdog
D:\Projects\fitai\datasets\raw\yoga\DATASET\TRAIN\warrior2\00000216.jpg,warrior2
D:\Projects\fitai\datasets\raw\yoga\DATASET\TRAIN\downdog\00000217.jpg,downdog
D:\Projects\fitai\datasets\raw\yoga\DATASET\TRAIN\downdog\00000346.jpg,downdog
D:\Projects\fitai\datasets\raw\yoga\DATASET\TRAIN\tree\00000091.jpg,tree
D:\Projects\fitai\datasets\raw\yoga\DATASET\TRAIN\plank\00000187.png,plank
D:\Projects\fitai\datasets\raw\yoga\DATASET\TRAIN\warrior2\00000385.jpg,warrior2
D:\Projects\fitai\datasets\raw\yoga\DATASET\TRAIN\downdog\00000246.jpg,downdog
D:\Projects\fitai\datasets\raw\yoga\DATASET\TRAIN\plank\00000431.jpg,plank
D:\Projects\fitai\datasets\raw\yoga\DATASET\TRAIN\downdog\00000354.jpg,downdog
D:\Projects\fitai\datasets\raw\yoga\DATASET\TRAIN\plank\00000318.jpg,plank
D:\Projects\fitai\datasets\raw\yoga\DATASET\TRAIN\plank\00000265.jpg,plank
D:\Projects\fitai\datasets\raw\yoga\DATASET\TRAIN\warrior2\00000168.jpg,warrior2
D:\Projects\fitai\datasets\raw\yoga\DATASET\TRAIN\plank\00000376.jpg,plank
D:\Projects\fitai\datasets\raw\yoga\DATASET\TRAIN\downdog\00000130.jpg,downdog
D:\Projects\fitai\datasets\raw\yoga\DATASET\TRAIN\downdog\00000143.jpg,downdog
D:\Projects\fitai\datasets\raw\yoga\DATASET\TRAIN\goddess\00000379.jpg,goddess
D:\Projects\fitai\datasets\raw\yoga\DATASET\TRAIN\goddess\00000246.jpg,goddess
D:\Projects\fitai\datasets\raw\yoga\DATASET\TRAIN\goddess\00000363.jpg,goddess
D:\Projects\fitai\datasets\raw\yoga\DATASET\TRAIN\plank\00000156.jpg,plank
D:\Projects\fitai\datasets\raw\yoga\DATASET\TRAIN\plank\00000149.jpg,plank
D:\Projects\fitai\datasets\raw\yoga\DATASET\TRAIN\plank\00000330.png,plank
D:\Projects\fitai\datasets\raw\yoga\DATASET\TRAIN\downdog\00000142.jpg,downdog
D:\Projects\fitai\datasets\raw\yoga\DATASET\TRAIN\plank\00000309.jpg,plank
D:\Projects\fitai\datasets\raw\yoga\DATASET\TRAIN\goddess\00000119.jpg,goddess
D:\Projects\fitai\datasets\raw\yoga\DATASET\TRAIN\warrior2\00000283.jpg,warrior2
D:\Projects\fitai\datasets\raw\yoga\DATASET\TRAIN\warrior2\00000393.jpg,warrior2
D:\Projects\fitai\datasets\raw\yoga\DATASET\TRAIN\tree\00000146.jpg,tree
D:\Projects\fitai\datasets\raw\yoga\DATASET\TRAIN\plank\00000385.jpg,plank
D:\Projects\fitai\datasets\raw\yoga\DATASET\TRAIN\warrior2\00000381.jpg,warrior2
D:\Projects\fitai\datasets\raw\yoga\DATASET\TRAIN\goddess\00000392.jpg,goddess
D:\Projects\fitai\datasets\raw\yoga\DATASET\TRAIN\goddess\00000389.jpg,goddess
D:\Projects\fitai\datasets\raw\yoga\DATASET\TRAIN\downdog\00000284.jpg,downdog
D:\Projects\fitai\datasets\raw\yoga\DATASET\TRAIN\tree\File31.jpg,tree
D:\Projects\fitai\datasets\raw\yoga\DATASET\TRAIN\downdog\00000337.jpg,downdog
D:\Projects\fitai\datasets\raw\yoga\DATASET\TRAIN\downdog\00000183.jpg,downdog
D:\Projects\fitai\datasets\raw\yoga\DATASET\TRAIN\goddess\00000197.jpg,goddess
D:\Projects\fitai\datasets\raw\yoga\DATASET\TRAIN\plank\00000169.jpg,plank
D:\Projects\fitai\datasets\raw\yoga\DATASET\TRAIN\plank\00000377.jpg,plank
D:\Projects\fitai\datasets\raw\yoga\DATASET\TRAIN\plank\00000368.jpg,plank
D:\Projects\fitai\datasets\raw\yoga\DATASET\TRAIN\plank\00000378.jpg,plank
D:\Projects\fitai\datasets\raw\yoga\DATASET\TRAIN\warrior2\00000431.jpg,warrior2
D:\Projects\fitai\datasets\raw\yoga\DATASET\TRAIN\downdog\00000173.jpg,downdog
D:\Projects\fitai\datasets\raw\yoga\DATASET\TRAIN\downdog\00000150.jpg,downdog
D:\Projects\fitai\datasets\raw\yoga\DATASET\TRAIN\warrior2\00000269.jpg,warrior2
D:\Projects\fitai\datasets\raw\yoga\DATASET\TRAIN\warrior2\00000360.jpg,warrior2
D:\Projects\fitai\datasets\raw\yoga\DATASET\TRAIN\warrior2\00000153.jpg,warrior2
D:\Projects\fitai\datasets\raw\yoga\DATASET\TRAIN\downdog\00000175.jpg,downdog
D:\Projects\fitai\datasets\raw\yoga\DATASET\TRAIN\tree\00000145.png,tree
D:\Projects\fitai\datasets\raw\yoga\DATASET\TRAIN\tree\00000100.jpg,tree
D:\Projects\fitai\datasets\raw\yoga\DATASET\TRAIN\tree\00000176.jpg,tree
D:\Projects\fitai\datasets\raw\yoga\DATASET\TRAIN\warrior2\00000162.jpg,warrior2
D:\Projects\fitai\datasets\raw\yoga\DATASET\TRAIN\downdog\00000200.jpg,downdog
D:\Projects\fitai\datasets\raw\yoga\DATASET\TRAIN\goddess\00000177.jpg,goddess
D:\Projects\fitai\datasets\raw\yoga\DATASET\TRAIN\warrior2\00000437.jpg,warrior2
D:\Projects\fitai\datasets\raw\yoga\DATASET\TRAIN\downdog\00000233.jpg,downdog
D:\Projects\fitai\datasets\raw\yoga\DATASET\TRAIN\downdog\00000299.jpg,downdog
D:\Projects\fitai\datasets\raw\yoga\DATASET\TRAIN\downdog\00000406.jpg,downdog
D:\Projects\fitai\datasets\raw\yoga\DATASET\TRAIN\tree\File11.jpg,tree
D:\Projects\fitai\datasets\raw\yoga\DATASET\TRAIN\warrior2\00000120.jpg,warrior2
D:\Projects\fitai\datasets\raw\yoga\DATASET\TRAIN\tree\00000114.jpg,tree
D:\Projects\fitai\datasets\raw\yoga\DATASET\TRAIN\plank\00000440.jpg,plank
D:\Projects\fitai\datasets\raw\yoga\DATASET\TRAIN\warrior2\00000235.jpg,warrior2
D:\Projects\fitai\datasets\raw\yoga\DATASET\TRAIN\warrior2\00000400.jpg,warrior2
D:\Projects\fitai\datasets\raw\yoga\DATASET\TRAIN\warrior2\00000178.jpg,warrior2
D:\Projects\fitai\datasets\raw\yoga\DATASET\TRAIN\downdog\00000344.jpg,downdog
D:\Projects\fitai\datasets\raw\yoga\DATASET\TRAIN\plank\00000386.jpg,plank
D:\Projects\fitai\datasets\raw\yoga\DATASET\TRAIN\plank\00000185.jpg,plank
D:\Projects\fitai\datasets\raw\yoga\DATASET\TRAIN\downdog\00000372.jpg,downdog
D:\Projects\fitai\datasets\raw\yoga\DATASET\TRAIN\plank\00000162.jpg,plank
D:\Projects\fitai\datasets\raw\yoga\DATASET\TRAIN\warrior2\00000301.jpg,warrior2
D:\Projects\fitai\datasets\raw\yoga\DATASET\TRAIN\warrior2\00000394.jpg,warrior2
D:\Projects\fitai\datasets\raw\yoga\DATASET\TRAIN\goddess\00000374.jpg,goddess
D:\Projects\fitai\datasets\raw\yoga\DATASET\TRAIN\goddess\00000237.jpg,goddess
D:\Projects\fitai\datasets\raw\yoga\DATASET\TRAIN\goddess\00000132.jpg,goddess
D:\Projects\fitai\datasets\raw\yoga\DATASET\TRAIN\downdog\00000180.jpg,downdog
D:\Projects\fitai\datasets\raw\yoga\DATASET\TRAIN\warrior2\00000266.jpg,warrior2
D:\Projects\fitai\datasets\raw\yoga\DATASET\TRAIN\tree\File42.jpg,tree
D:\Projects\fitai\datasets\raw\yoga\DATASET\TRAIN\plank\00000345.jpg,plank
D:\Projects\fitai\datasets\raw\yoga\DATASET\TRAIN\tree\00000128.jpg,tree
D:\Projects\fitai\datasets\raw\yoga\DATASET\TRAIN\downdog\00000300.jpg,downdog
D:\Projects\fitai\datasets\raw\yoga\DATASET\TRAIN\tree\00000140.png,tree
D:\Projects\fitai\datasets\raw\yoga\DATASET\TRAIN\downdog\00000365.jpg,downdog
D:\Projects\fitai\datasets\raw\yoga\DATASET\TRAIN\goddess\00000164.jpg,goddess
D:\Projects\fitai\datasets\raw\yoga\DATASET\TRAIN\tree\00000148.jpg,tree
D:\Projects\fitai\datasets\raw\yoga\DATASET\TRAIN\plank\00000245.png,plank
D:\Projects\fitai\datasets\raw\yoga\DATASET\TRAIN\goddess\00000229.jpg,goddess
D:\Projects\fitai\datasets\raw\yoga\DATASET\TRAIN\downdog\00000239.jpg,downdog
D:\Projects\fitai\datasets\raw\yoga\DATASET\TRAIN\warrior2\00000259.jpg,warrior2
D:\Projects\fitai\datasets\raw\yoga\DATASET\TRAIN\warrior2\00000126.jpg,warrior2
D:\Projects\fitai\datasets\raw\yoga\DATASET\TRAIN\plank\00000371.jpg,plank
D:\Projects\fitai\datasets\raw\yoga\DATASET\TRAIN\tree\00000127.jpg,tree
D:\Projects\fitai\datasets\raw\yoga\DATASET\TRAIN\downdog\00000232.jpg,downdog
D:\Projects\fitai\datasets\raw\yoga\DATASET\TRAIN\plank\00000350.jpg,plank
D:\Projects\fitai\datasets\raw\yoga\DATASET\TRAIN\plank\00000278.jpg,plank
D:\Projects\fitai\datasets\raw\yoga\DATASET\TRAIN\downdog\00000278.jpg,downdog
D:\Projects\fitai\datasets\raw\yoga\DATASET\TRAIN\downdog\00000423.jpg,downdog
D:\Projects\fitai\datasets\raw\yoga\DATASET\TRAIN\downdog\00000266.jpg,downdog
D:\Projects\fitai\datasets\raw\yoga\DATASET\TRAIN\goddess\00000277.jpg,goddess
D:\Projects\fitai\datasets\raw\yoga\DATASET\TRAIN\goddess\00000383.JPG,goddess
D:\Projects\fitai\datasets\raw\yoga\DATASET\TRAIN\tree\00000133.jpg,tree
D:\Projects\fitai\datasets\raw\yoga\DATASET\TRAIN\plank\00000262.jpg,plank
D:\Projects\fitai\datasets\raw\yoga\DATASET\TRAIN\plank\00000218.jpg,plank
D:\Projects\fitai\datasets\raw\yoga\DATASET\TRAIN\downdog\00000203.png,downdog
D:\Projects\fitai\datasets\raw\yoga\DATASET\TRAIN\warrior2\00000314.jpg,warrior2
D:\Projects\fitai\datasets\raw\yoga\DATASET\TRAIN\warrior2\00000428.jpg,warrior2
D:\Projects\fitai\datasets\raw\yoga\DATASET\TRAIN\downdog\00000160.jpg,downdog
D:\Projects\fitai\datasets\raw\yoga\DATASET\TRAIN\plank\00000417.jpg,plank
D:\Projects\fitai\datasets\raw\yoga\DATASET\TRAIN\tree\00000166.jpg,tree
D:\Projects\fitai\datasets\raw\yoga\DATASET\TRAIN\tree\00000115.jpg,tree
D:\Projects\fitai\datasets\raw\yoga\DATASET\TRAIN\plank\00000144.jpg,plank
D:\Projects\fitai\datasets\raw\yoga\DATASET\TRAIN\tree\00000200.png,tree
D:\Projects\fitai\datasets\raw\yoga\DATASET\TRAIN\warrior2\00000347.jpg,warrior2
D:\Projects\fitai\datasets\raw\yoga\DATASET\TRAIN\warrior2\00000210.jpg,warrior2
D:\Projects\fitai\datasets\raw\yoga\DATASET\TRAIN\downdog\00000170.jpg,downdog
D:\Projects\fitai\datasets\raw\yoga\DATASET\TRAIN\goddess\00000182.jpg,goddess
D:\Projects\fitai\datasets\raw\yoga\DATASET\TRAIN\warrior2\00000365.jpg,warrior2
D:\Projects\fitai\datasets\raw\yoga\DATASET\TRAIN\downdog\00000333.jpg,downdog
D:\Projects\fitai\datasets\raw\yoga\DATASET\TRAIN\plank\00000294.png,plank
D:\Projects\fitai\datasets\raw\yoga\DATASET\TRAIN\plank\00000268.jpg,plank
D:\Projects\fitai\datasets\raw\yoga\DATASET\TRAIN\plank\00000234.jpg,plank
D:\Projects\fitai\datasets\raw\yoga\DATASET\TRAIN\downdog\00000290.png,downdog
D:\Projects\fitai\datasets\raw\yoga\DATASET\TRAIN\plank\00000315.jpg,plank
D:\Projects\fitai\datasets\raw\yoga\DATASET\TRAIN\tree\00000120.jpg,tree
D:\Projects\fitai\datasets\raw\yoga\DATASET\TRAIN\tree\00000122.jpg,tree
D:\Projects\fitai\datasets\raw\yoga\DATASET\TRAIN\downdog\00000283.jpg,downdog
D:\Projects\fitai\datasets\raw\yoga\DATASET\TRAIN\warrior2\00000374.jpg,warrior2
D:\Projects\fitai\datasets\raw\yoga\DATASET\TRAIN\downdog\00000329.jpg,downdog
D:\Projects\fitai\datasets\raw\yoga\DATASET\TRAIN\warrior2\00000181.jpg,warrior2
D:\Projects\fitai\datasets\raw\yoga\DATASET\TRAIN\plank\00000167.jpg,plank
D:\Projects\fitai\datasets\raw\yoga\DATASET\TRAIN\plank\00000196.jpg,plank
D:\Projects\fitai\datasets\raw\yoga\DATASET\TRAIN\goddess\00000121.jpg,goddess
D:\Projects\fitai\datasets\raw\yoga\DATASET\TRAIN\tree\00000111.jpg,tree
D:\Projects\fitai\datasets\raw\yoga\DATASET\TRAIN\warrior2\00000228.jpg,warrior2
D:\Projects\fitai\datasets\raw\yoga\DATASET\TRAIN\plank\00000140.jpg,plank
D:\Projects\fitai\datasets\raw\yoga\DATASET\TRAIN\plank\00000335.jpg,plank
D:\Projects\fitai\datasets\raw\yoga\DATASET\TRAIN\goddess\00000348.jpg,goddess
D:\Projects\fitai\datasets\raw\yoga\DATASET\TRAIN\goddess\00000307.jpg,goddess
D:\Projects\fitai\datasets\raw\yoga\DATASET\TRAIN\plank\00000190.jpg,plank
D:\Projects\fitai\datasets\raw\yoga\DATASET\TRAIN\tree\File64.jpg,tree
D:\Projects\fitai\datasets\raw\yoga\DATASET\TRAIN\downdog\00000152.jpg,downdog
D:\Projects\fitai\datasets\raw\yoga\DATASET\TRAIN\tree\File17.jpg,tree
D:\Projects\fitai\datasets\raw\yoga\DATASET\TRAIN\warrior2\00000315.jpg,warrior2
D:\Projects\fitai\datasets\raw\yoga\DATASET\TRAIN\downdog\00000164.jpg,downdog
D:\Projects\fitai\datasets\raw\yoga\DATASET\TRAIN\plank\00000355.jpg,plank
D:\Projects\fitai\datasets\raw\yoga\DATASET\TRAIN\warrior2\00000367.jpg,warrior2
D:\Projects\fitai\datasets\raw\yoga\DATASET\TRAIN\downdog\00000241.jpg,downdog
D:\Projects\fitai\datasets\raw\yoga\DATASET\TRAIN\warrior2\00000139.jpg,warrior2
D:\Projects\fitai\datasets\raw\yoga\DATASET\TRAIN\downdog\00000198.png,downdog
D:\Projects\fitai\datasets\raw\yoga\DATASET\TRAIN\plank\00000194.png,plank
D:\Projects\fitai\datasets\raw\yoga\DATASET\TRAIN\plank\00000198.jpg,plank
D:\Projects\fitai\datasets\raw\yoga\DATASET\TRAIN\tree\00000137.jpg,tree
D:\Projects\fitai\datasets\raw\yoga\DATASET\TRAIN\plank\00000170.png,plank
D:\Projects\fitai\datasets\raw\yoga\DATASET\TRAIN\plank\00000178.jpg,plank
D:\Projects\fitai\datasets\raw\yoga\DATASET\TRAIN\plank\00000182.jpg,plank
D:\Projects\fitai\datasets\raw\yoga\DATASET\TRAIN\warrior2\00000147.jpg,warrior2
D:\Projects\fitai\datasets\raw\yoga\DATASET\TRAIN\plank\00000195.jpg,plank
D:\Projects\fitai\datasets\raw\yoga\DATASET\TRAIN\goddess\00000154.jpg,goddess
D:\Projects\fitai\datasets\raw\yoga\DATASET\TRAIN\tree\00000162.jpg,tree
D:\Projects\fitai\datasets\raw\yoga\DATASET\TRAIN\plank\00000353.jpg,plank
D:\Projects\fitai\datasets\raw\yoga\DATASET\TRAIN\tree\00000092.jpg,tree
D:\Projects\fitai\datasets\raw\yoga\DATASET\TRAIN\goddess\00000146.jpg,goddess
D:\Projects\fitai\datasets\raw\yoga\DATASET\TRAIN\downdog\00000218.jpg,downdog
D:\Projects\fitai\datasets\raw\yoga\DATASET\TRAIN\downdog\00000162.jpg,downdog
D:\Projects\fitai\datasets\raw\yoga\DATASET\TRAIN\tree\00000085.jpg,tree
D:\Projects\fitai\datasets\raw\yoga\DATASET\TRAIN\tree\00000093.jpg,tree
D:\Projects\fitai\datasets\raw\yoga\DATASET\TRAIN\goddess\00000104.jpeg,goddess
D:\Projects\fitai\datasets\raw\yoga\DATASET\TRAIN\plank\00000235.jpg,plank
D:\Projects\fitai\datasets\raw\yoga\DATASET\TRAIN\tree\File71.jpg,tree
D:\Projects\fitai\datasets\raw\yoga\DATASET\TRAIN\plank\00000179.png,plank
D:\Projects\fitai\datasets\raw\yoga\DATASET\TRAIN\goddess\00000264.jpg,goddess
D:\Projects\fitai\datasets\raw\yoga\DATASET\TRAIN\tree\00000102.jpg,tree
D:\Projects\fitai\datasets\raw\yoga\DATASET\TRAIN\plank\00000316.jpg,plank
D:\Projects\fitai\datasets\raw\yoga\DATASET\TRAIN\warrior2\00000303.jpg,warrior2
D:\Projects\fitai\datasets\raw\yoga\DATASET\TRAIN\warrior2\00000290.jpg,warrior2
D:\Projects\fitai\datasets\raw\yoga\DATASET\TRAIN\warrior2\00000351.jpg,warrior2
D:\Projects\fitai\datasets\raw\yoga\DATASET\TRAIN\goddess\00000271.jpg,goddess
D:\Projects\fitai\datasets\raw\yoga\DATASET\TRAIN\warrior2\00000231.jpg,warrior2
D:\Projects\fitai\datasets\raw\yoga\DATASET\TRAIN\plank\00000387.jpeg,plank
D:\Projects\fitai\datasets\raw\yoga\DATASET\TRAIN\downdog\00000332.jpg,downdog
D:\Projects\fitai\datasets\raw\yoga\DATASET\TRAIN\plank\00000157.jpg,plank
D:\Projects\fitai\datasets\raw\yoga\DATASET\TRAIN\tree\00000079.jpg,tree
D:\Projects\fitai\datasets\raw\yoga\DATASET\TRAIN\plank\00000226.jpg,plank
D:\Projects\fitai\datasets\raw\yoga\DATASET\TRAIN\goddess\00000245.jpg,goddess
D:\Projects\fitai\datasets\raw\yoga\DATASET\TRAIN\goddess\00000149.jpg,goddess
D:\Projects\fitai\datasets\raw\yoga\DATASET\TRAIN\downdog\00000248.jpg,downdog
D:\Projects\fitai\datasets\raw\yoga\DATASET\TRAIN\tree\00000116.jpg,tree
D:\Projects\fitai\datasets\raw\yoga\DATASET\TRAIN\warrior2\00000339.jpg,warrior2
D:\Projects\fitai\datasets\raw\yoga\DATASET\TRAIN\warrior2\00000199.jpg,warrior2
D:\Projects\fitai\datasets\raw\yoga\DATASET\TRAIN\downdog\00000305.png,downdog
D:\Projects\fitai\datasets\raw\yoga\DATASET\TRAIN\plank\00000307.png,plank
D:\Projects\fitai\datasets\raw\yoga\DATASET\TRAIN\downdog\00000204.jpg,downdog
D:\Projects\fitai\datasets\raw\yoga\DATASET\TRAIN\tree\00000168.jpg,tree
D:\Projects\fitai\datasets\raw\yoga\DATASET\TRAIN\warrior2\00000333.jpg,warrior2
D:\Projects\fitai\datasets\raw\yoga\DATASET\TRAIN\warrior2\00000402.jpg,warrior2
D:\Projects\fitai\datasets\raw\yoga\DATASET\TRAIN\tree\00000072.jpg,tree
D:\Projects\fitai\datasets\raw\yoga\DATASET\TRAIN\warrior2\00000414.jpg,warrior2
D:\Projects\fitai\datasets\raw\yoga\DATASET\TRAIN\goddess\00000130.jpg,goddess
D:\Projects\fitai\datasets\raw\yoga\DATASET\TRAIN\downdog\00000176.jpg,downdog
D:\Projects\fitai\datasets\raw\yoga\DATASET\TRAIN\downdog\00000280.jpg,downdog
D:\Projects\fitai\datasets\raw\yoga\DATASET\TRAIN\warrior2\00000188.jpg,warrior2
D:\Projects\fitai\datasets\raw\yoga\DATASET\TRAIN\downdog\00000145.jpg,downdog
D:\Projects\fitai\datasets\raw\yoga\DATASET\TRAIN\warrior2\00000129.jpg,warrior2
D:\Projects\fitai\datasets\raw\yoga\DATASET\TRAIN\plank\00000302.jpg,plank
D:\Projects\fitai\datasets\raw\yoga\DATASET\TRAIN\plank\00000298.jpg,plank
D:\Projects\fitai\datasets\raw\yoga\DATASET\TRAIN\warrior2\00000203.jpg,warrior2
D:\Projects\fitai\datasets\raw\yoga\DATASET\TRAIN\warrior2\00000293.jpg,warrior2
D:\Projects\fitai\datasets\raw\yoga\DATASET\TRAIN\plank\00000308.jpg,plank
D:\Projects\fitai\datasets\raw\yoga\DATASET\TRAIN\warrior2\00000125.jpg,warrior2
D:\Projects\fitai\datasets\raw\yoga\DATASET\TRAIN\goddess\00000142.jpg,goddess
D:\Projects\fitai\datasets\raw\yoga\DATASET\TRAIN\plank\00000406.jpg,plank
D:\Projects\fitai\datasets\raw\yoga\DATASET\TRAIN\downdog\00000234.jpg,downdog
D:\Projects\fitai\datasets\raw\yoga\DATASET\TRAIN\goddess\00000155.jpg,goddess
D:\Projects\fitai\datasets\raw\yoga\DATASET\TRAIN\tree\File49.jpg,tree
D:\Projects\fitai\datasets\raw\yoga\DATASET\TRAIN\warrior2\00000207.jpeg,warrior2
D:\Projects\fitai\datasets\raw\yoga\DATASET\TRAIN\downdog\00000310.png,downdog
D:\Projects\fitai\datasets\raw\yoga\DATASET\TRAIN\downdog\00000351.png,downdog
D:\Projects\fitai\datasets\raw\yoga\DATASET\TRAIN\warrior2\00000358.jpg,warrior2
D:\Projects\fitai\datasets\raw\yoga\DATASET\TRAIN\tree\00000081.jpg,tree
D:\Projects\fitai\datasets\raw\yoga\DATASET\TRAIN\downdog\00000355.jpg,downdog
D:\Projects\fitai\datasets\raw\yoga\DATASET\TRAIN\plank\00000344.jpg,plank
D:\Projects\fitai\datasets\raw\yoga\DATASET\TRAIN\plank\00000191.jpg,plank
D:\Projects\fitai\datasets\raw\yoga\DATASET\TRAIN\warrior2\00000359.jpg,warrior2
D:\Projects\fitai\datasets\raw\yoga\DATASET\TRAIN\warrior2\00000412.jpg,warrior2
D:\Projects\fitai\datasets\raw\yoga\DATASET\TRAIN\tree\00000141.jpg,tree
D:\Projects\fitai\datasets\raw\yoga\DATASET\TRAIN\downdog\00000237.jpg,downdog
D:\Projects\fitai\datasets\raw\yoga\DATASET\TRAIN\plank\00000219.jpg,plank
D:\Projects\fitai\datasets\raw\yoga\DATASET\TRAIN\goddess\00000137.jpg,goddess
D:\Projects\fitai\datasets\raw\yoga\DATASET\TRAIN\tree\00000074.jpg,tree
D:\Projects\fitai\datasets\raw\yoga\DATASET\TRAIN\goddess\00000376.jpg,goddess
D:\Projects\fitai\datasets\raw\yoga\DATASET\TRAIN\goddess\00000324.jpg,goddess
D:\Projects\fitai\datasets\raw\yoga\DATASET\TRAIN\plank\00000186.jpg,plank
D:\Projects\fitai\datasets\raw\yoga\DATASET\TRAIN\warrior2\00000352.jpg,warrior2
D:\Projects\fitai\datasets\raw\yoga\DATASET\TRAIN\warrior2\00000167.jpg,warrior2
D:\Projects\fitai\datasets\raw\yoga\DATASET\TRAIN\goddess\00000334.jpg,goddess
D:\Projects\fitai\datasets\raw\yoga\DATASET\TRAIN\downdog\00000414.jpg,downdog
D:\Projects\fitai\datasets\raw\yoga\DATASET\TRAIN\goddess\00000202.jpg,goddess
D:\Projects\fitai\datasets\raw\yoga\DATASET\TRAIN\warrior2\00000137.jpg,warrior2
D:\Projects\fitai\datasets\raw\yoga\DATASET\TRAIN\plank\00000207.jpg,plank
D:\Projects\fitai\datasets\raw\yoga\DATASET\TRAIN\warrior2\00000324.jpg,warrior2
D:\Projects\fitai\datasets\raw\yoga\DATASET\TRAIN\goddess\00000278.png,goddess
D:\Projects\fitai\datasets\raw\yoga\DATASET\TRAIN\plank\00000301.jpg,plank
D:\Projects\fitai\datasets\raw\yoga\DATASET\TRAIN\warrior2\00000391.jpg,warrior2
D:\Projects\fitai\datasets\raw\yoga\DATASET\TRAIN\warrior2\00000343.jpg,warrior2
D:\Projects\fitai\datasets\raw\yoga\DATASET\TRAIN\downdog\00000135.jpg,downdog
D:\Projects\fitai\datasets\raw\yoga\DATASET\TRAIN\warrior2\00000204.jpg,warrior2
D:\Projects\fitai\datasets\raw\yoga\DATASET\TRAIN\warrior2\00000395.jpg,warrior2
D:\Projects\fitai\datasets\raw\yoga\DATASET\TRAIN\warrior2\00000349.jpg,warrior2
D:\Projects\fitai\datasets\raw\yoga\DATASET\TRAIN\plank\00000408.jpg,plank
D:\Projects\fitai\datasets\raw\yoga\DATASET\TRAIN\plank\00000258.jpg,plank
D:\Projects\fitai\datasets\raw\yoga\DATASET\TRAIN\warrior2\00000213.jpg,warrior2
D:\Projects\fitai\datasets\raw\yoga\DATASET\TRAIN\warrior2\00000418.jpg,warrior2
D:\Projects\fitai\datasets\raw\yoga\DATASET\TRAIN\warrior2\00000249.jpg,warrior2
D:\Projects\fitai\datasets\raw\yoga\DATASET\TRAIN\downdog\00000314.jpg,downdog
D:\Projects\fitai\datasets\raw\yoga\DATASET\TRAIN\warrior2\00000334.jpg,warrior2
D:\Projects\fitai\datasets\raw\yoga\DATASET\TRAIN\plank\00000304.jpg,plank
D:\Projects\fitai\datasets\raw\yoga\DATASET\TRAIN\tree\00000103.jpg,tree
D:\Projects\fitai\datasets\raw\yoga\DATASET\TRAIN\goddess\00000317.jpg,goddess
D:\Projects\fitai\datasets\raw\yoga\DATASET\TRAIN\plank\00000233.jpg,plank
D:\Projects\fitai\datasets\raw\yoga\DATASET\TRAIN\plank\00000430.jpg,plank
D:\Projects\fitai\datasets\raw\yoga\DATASET\TRAIN\downdog\00000250.jpg,downdog
D:\Projects\fitai\datasets\raw\yoga\DATASET\TRAIN\downdog\00000206.jpg,downdog
D:\Projects\fitai\datasets\raw\yoga\DATASET\TRAIN\goddess\00000263.jpg,goddess
D:\Projects\fitai\datasets\raw\yoga\DATASET\TRAIN\downdog\00000140.jpg,downdog
D:\Projects\fitai\datasets\raw\yoga\DATASET\TRAIN\plank\00000282.jpg,plank
D:\Projects\fitai\datasets\raw\yoga\DATASET\TRAIN\tree\File14.jpg,tree
D:\Projects\fitai\datasets\raw\yoga\DATASET\TRAIN\warrior2\00000122.jpg,warrior2
D:\Projects\fitai\datasets\raw\yoga\DATASET\TRAIN\downdog\00000223.jpg,downdog
D:\Projects\fitai\datasets\raw\yoga\DATASET\TRAIN\plank\00000293.jpg,plank
D:\Projects\fitai\datasets\raw\yoga\DATASET\TRAIN\plank\00000329.jpg,plank
D:\Projects\fitai\datasets\raw\yoga\DATASET\TRAIN\downdog\00000236.JPG,downdog
D:\Projects\fitai\datasets\raw\yoga\DATASET\TRAIN\downdog\00000367.png,downdog
D:\Projects\fitai\datasets\raw\yoga\DATASET\TRAIN\warrior2\00000387.jpg,warrior2
D:\Projects\fitai\datasets\raw\yoga\DATASET\TRAIN\downdog\00000353.jpg,downdog
D:\Projects\fitai\datasets\raw\yoga\DATASET\TRAIN\tree\00000119.jpg,tree
D:\Projects\fitai\datasets\raw\yoga\DATASET\TRAIN\warrior2\00000376.jpg,warrior2
D:\Projects\fitai\datasets\raw\yoga\DATASET\TRAIN\downdog\00000370.jpg,downdog
D:\Projects\fitai\datasets\raw\yoga\DATASET\TRAIN\tree\File81.jpg,tree
D:\Projects\fitai\datasets\raw\yoga\DATASET\TRAIN\plank\00000138.jpg,plank
D:\Projects\fitai\datasets\raw\yoga\DATASET\TRAIN\plank\00000369.jpg,plank
D:\Projects\fitai\datasets\raw\yoga\DATASET\TRAIN\warrior2\00000241.jpg,warrior2
D:\Projects\fitai\datasets\raw\yoga\DATASET\TRAIN\goddess\00000124.jpg,goddess
D:\Projects\fitai\datasets\raw\yoga\DATASET\TRAIN\downdog\00000420.jpg,downdog
D:\Projects\fitai\datasets\raw\yoga\DATASET\TRAIN\plank\00000354.jpg,plank
D:\Projects\fitai\datasets\raw\yoga\DATASET\TRAIN\warrior2\00000143.jpg,warrior2
D:\Projects\fitai\datasets\raw\yoga\DATASET\TRAIN\goddess\00000400.jpg,goddess
D:\Projects\fitai\datasets\raw\yoga\DATASET\TRAIN\tree\00000188.jpg,tree
D:\Projects\fitai\datasets\raw\yoga\DATASET\TRAIN\warrior2\00000142.jpg,warrior2
D:\Projects\fitai\datasets\raw\yoga\DATASET\TRAIN\tree\00000070.jpg,tree
D:\Projects\fitai\datasets\raw\yoga\DATASET\TRAIN\warrior2\00000436.jpg,warrior2
D:\Projects\fitai\datasets\raw\yoga\DATASET\TRAIN\tree\00000108.jpg,tree
D:\Projects\fitai\datasets\raw\yoga\DATASET\TRAIN\goddess\00000188.jpg,goddess
D:\Projects\fitai\datasets\raw\yoga\DATASET\TRAIN\goddess\00000183.jpg,goddess
D:\Projects\fitai\datasets\raw\yoga\DATASET\TRAIN\plank\00000414.jpg,plank
D:\Projects\fitai\datasets\raw\yoga\DATASET\TRAIN\goddess\00000106.jpg,goddess
D:\Projects\fitai\datasets\raw\yoga\DATASET\TRAIN\warrior2\00000384.jpg,warrior2
D:\Projects\fitai\datasets\raw\yoga\DATASET\TRAIN\plank\00000212.jpg,plank
D:\Projects\fitai\datasets\raw\yoga\DATASET\TRAIN\downdog\00000426.jpg,downdog
D:\Projects\fitai\datasets\raw\yoga\DATASET\TRAIN\plank\00000210.jpg,plank
D:\Projects\fitai\datasets\raw\yoga\DATASET\TRAIN\warrior2\00000224.jpg,warrior2
D:\Projects\fitai\datasets\raw\yoga\DATASET\TRAIN\goddess\00000380.jpg,goddess
D:\Projects\fitai\datasets\raw\yoga\DATASET\TRAIN\goddess\00000103.png,goddess
D:\Projects\fitai\datasets\raw\yoga\DATASET\TRAIN\plank\00000374.jpg,plank
D:\Projects\fitai\datasets\raw\yoga\DATASET\TRAIN\tree\00000089.jpg,tree
D:\Projects\fitai\datasets\raw\yoga\DATASET\TRAIN\warrior2\00000285.jpg,warrior2
D:\Projects\fitai\datasets\raw\yoga\DATASET\TRAIN\warrior2\00000140.jpg,warrior2
D:\Projects\fitai\datasets\raw\yoga\DATASET\TRAIN\warrior2\00000170.jpg,warrior2
D:\Projects\fitai\datasets\raw\yoga\DATASET\TRAIN\plank\00000407.jpg,plank
D:\Projects\fitai\datasets\raw\yoga\DATASET\TRAIN\tree\00000185.jpg,tree
D:\Projects\fitai\datasets\raw\yoga\DATASET\TRAIN\warrior2\00000138.jpg,warrior2
D:\Projects\fitai\datasets\raw\yoga\DATASET\TRAIN\goddess\00000339.jpg,goddess
D:\Projects\fitai\datasets\raw\yoga\DATASET\TRAIN\tree\00000169.jpg,tree
D:\Projects\fitai\datasets\raw\yoga\DATASET\TRAIN\plank\00000237.jpg,plank
D:\Projects\fitai\datasets\raw\yoga\DATASET\TRAIN\goddess\00000219.jpg,goddess
D:\Projects\fitai\datasets\raw\yoga\DATASET\TRAIN\warrior2\00000281.PNG,warrior2
D:\Projects\fitai\datasets\raw\yoga\DATASET\TRAIN\warrior2\00000179.jpg,warrior2
D:\Projects\fitai\datasets\raw\yoga\DATASET\TRAIN\plank\00000339.jpg,plank
D:\Projects\fitai\datasets\raw\yoga\DATASET\TRAIN\plank\00000172.jpg,plank
D:\Projects\fitai\datasets\raw\yoga\DATASET\TRAIN\downdog\00000264.jpg,downdog
D:\Projects\fitai\datasets\raw\yoga\DATASET\TRAIN\goddess\00000274.jpg,goddess
D:\Projects\fitai\datasets\raw\yoga\DATASET\TRAIN\plank\00000313.jpg,plank
D:\Projects\fitai\datasets\raw\yoga\DATASET\TRAIN\downdog\00000212.png,downdog
D:\Projects\fitai\datasets\raw\yoga\DATASET\TRAIN\downdog\00000156.jpg,downdog
D:\Projects\fitai\datasets\raw\yoga\DATASET\TRAIN\warrior2\00000382.jpg,warrior2
D:\Projects\fitai\datasets\raw\yoga\DATASET\TRAIN\warrior2\00000383.jpg,warrior2
D:\Projects\fitai\datasets\raw\yoga\DATASET\TRAIN\tree\00000076.jpg,tree
D:\Projects\fitai\datasets\raw\yoga\DATASET\TRAIN\downdog\00000338.jpg,downdog
D:\Projects\fitai\datasets\raw\yoga\DATASET\TRAIN\plank\00000388.png,plank
D:\Projects\fitai\datasets\raw\yoga\DATASET\TRAIN\plank\00000136.png,plank
D:\Projects\fitai\datasets\raw\yoga\DATASET\TRAIN\goddess\00000325.jpg,goddess
D:\Projects\fitai\datasets\raw\yoga\DATASET\TRAIN\tree\00000095.jpg,tree
D:\Projects\fitai\datasets\raw\yoga\DATASET\TRAIN\warrior2\00000190.jpg,warrior2
D:\Projects\fitai\datasets\raw\yoga\DATASET\TRAIN\tree\00000186.jpg,tree
D:\Projects\fitai\datasets\raw\yoga\DATASET\TRAIN\goddess\00000397.jpg,goddess
D:\Projects\fitai\datasets\raw\yoga\DATASET\TRAIN\warrior2\00000397.jpg,warrior2
D:\Projects\fitai\datasets\raw\yoga\DATASET\TRAIN\downdog\00000165.jpg,downdog
D:\Projects\fitai\datasets\raw\yoga\DATASET\TRAIN\warrior2\00000310.jpg,warrior2
D:\Projects\fitai\datasets\raw\yoga\DATASET\TRAIN\warrior2\00000390.jpg,warrior2
D:\Projects\fitai\datasets\raw\yoga\DATASET\TRAIN\warrior2\00000193.jpg,warrior2
D:\Projects\fitai\datasets\raw\yoga\DATASET\TRAIN\goddess\00000290.jpg,goddess
D:\Projects\fitai\datasets\raw\yoga\DATASET\TRAIN\warrior2\00000134.jpg,warrior2
D:\Projects\fitai\datasets\raw\yoga\DATASET\TRAIN\plank\00000333.jpg,plank
D:\Projects\fitai\datasets\raw\yoga\DATASET\TRAIN\plank\00000274.jpg,plank
D:\Projects\fitai\datasets\raw\yoga\DATASET\TRAIN\downdog\00000168.jpg,downdog
D:\Projects\fitai\datasets\raw\yoga\DATASET\TRAIN\tree\00000160.jpg,tree
D:\Projects\fitai\datasets\raw\yoga\DATASET\TRAIN\warrior2\00000226.jpg,warrior2
D:\Projects\fitai\datasets\raw\yoga\DATASET\TRAIN\tree\00000152.jpg,tree
D:\Projects\fitai\datasets\raw\yoga\DATASET\TRAIN\goddess\00000243.jpg,goddess
D:\Projects\fitai\datasets\raw\yoga\DATASET\TRAIN\goddess\00000112.jpg,goddess
D:\Projects\fitai\datasets\raw\yoga\DATASET\TRAIN\warrior2\00000130.jpg,warrior2
D:\Projects\fitai\datasets\raw\yoga\DATASET\TRAIN\warrior2\00000289.jpg,warrior2
D:\Projects\fitai\datasets\raw\yoga\DATASET\TRAIN\downdog\00000245.png,downdog
D:\Projects\fitai\datasets\raw\yoga\DATASET\TRAIN\downdog\00000362.jpg,downdog
D:\Projects\fitai\datasets\raw\yoga\DATASET\TRAIN\plank\00000317.jpg,plank
D:\Projects\fitai\datasets\raw\yoga\DATASET\TRAIN\warrior2\00000346.jpg,warrior2
D:\Projects\fitai\datasets\raw\yoga\DATASET\TRAIN\plank\00000193.jpg,plank
D:\Projects\fitai\datasets\raw\yoga\DATASET\TRAIN\plank\00000310.jpg,plank
D:\Projects\fitai\datasets\raw\yoga\DATASET\TRAIN\goddess\00000316.jpg,goddess
D:\Projects\fitai\datasets\raw\yoga\DATASET\TRAIN\plank\00000209.jpeg,plank
D:\Projects\fitai\datasets\raw\yoga\DATASET\TRAIN\goddess\00000272.png,goddess
D:\Projects\fitai\datasets\raw\yoga\DATASET\TRAIN\plank\00000360.jpg,plank
D:\Projects\fitai\datasets\raw\yoga\DATASET\TRAIN\goddess\00000223.jpg,goddess
D:\Projects\fitai\datasets\raw\yoga\DATASET\TRAIN\goddess\00000282.png,goddess
D:\Projects\fitai\datasets\raw\yoga\DATASET\TRAIN\goddess\00000209.jpg,goddess
D:\Projects\fitai\datasets\raw\yoga\DATASET\TRAIN\downdog\00000163.jpg,downdog
D:\Projects\fitai\datasets\raw\yoga\DATASET\TRAIN\goddess\00000134.jpg,goddess
D:\Projects\fitai\datasets\raw\yoga\DATASET\TRAIN\warrior2\00000198.jpg,warrior2
D:\Projects\fitai\datasets\raw\yoga\DATASET\TRAIN\tree\00000144.jpg,tree
D:\Projects\fitai\datasets\raw\yoga\DATASET\TRAIN\warrior2\00000135.jpg,warrior2
D:\Projects\fitai\datasets\raw\yoga\DATASET\TRAIN\downdog\00000382.jpg,downdog
D:\Projects\fitai\datasets\raw\yoga\DATASET\TRAIN\plank\00000161.jpg,plank
D:\Projects\fitai\datasets\raw\yoga\DATASET\TRAIN\downdog\00000316.jpg,downdog
D:\Projects\fitai\datasets\raw\yoga\DATASET\TRAIN\plank\00000165.jpg,plank
D:\Projects\fitai\datasets\raw\yoga\DATASET\TRAIN\tree\File84.jpg,tree
D:\Projects\fitai\datasets\raw\yoga\DATASET\TRAIN\warrior2\00000370.jpg,warrior2
D:\Projects\fitai\datasets\raw\yoga\DATASET\TRAIN\downdog\00000199.jpg,downdog
D:\Projects\fitai\datasets\raw\yoga\DATASET\TRAIN\tree\00000198.jpg,tree
D:\Projects\fitai\datasets\raw\yoga\DATASET\TRAIN\plank\00000390.jpg,plank
D:\Projects\fitai\datasets\raw\yoga\DATASET\TRAIN\tree\00000078.jpg,tree
D:\Projects\fitai\datasets\raw\yoga\DATASET\TRAIN\warrior2\00000430.jpg,warrior2
D:\Projects\fitai\datasets\raw\yoga\DATASET\TRAIN\tree\00000105.jpg,tree
D:\Projects\fitai\datasets\raw\yoga\DATASET\TRAIN\plank\00000177.jpg,plank
D:\Projects\fitai\datasets\raw\yoga\DATASET\TRAIN\downdog\00000131.jpg,downdog
D:\Projects\fitai\datasets\raw\yoga\DATASET\TRAIN\warrior2\00000273.jpg,warrior2
D:\Projects\fitai\datasets\raw\yoga\DATASET\TRAIN\warrior2\00000416.png,warrior2
D:\Projects\fitai\datasets\raw\yoga\DATASET\TRAIN\tree\File25.jpg,tree
D:\Projects\fitai\datasets\raw\yoga\DATASET\TRAIN\goddess\00000265.jpg,goddess
D:\Projects\fitai\datasets\raw\yoga\DATASET\TRAIN\warrior2\00000158.jpg,warrior2
D:\Projects\fitai\datasets\raw\yoga\DATASET\TRAIN\tree\00000097.jpg,tree
D:\Projects\fitai\datasets\raw\yoga\DATASET\TRAIN\downdog\00000295.jpg,downdog
D:\Projects\fitai\datasets\raw\yoga\DATASET\TRAIN\goddess\00000378.jpg,goddess
D:\Projects\fitai\datasets\raw\yoga\DATASET\TRAIN\downdog\00000224.jpg,downdog
D:\Projects\fitai\datasets\raw\yoga\DATASET\TRAIN\warrior2\00000219.jpg,warrior2
D:\Projects\fitai\datasets\raw\yoga\DATASET\TRAIN\tree\00000204.jpg,tree
D:\Projects\fitai\datasets\raw\yoga\DATASET\TRAIN\tree\00000161.jpg,tree
D:\Projects\fitai\datasets\raw\yoga\DATASET\TRAIN\warrior2\00000247.jpg,warrior2
D:\Projects\fitai\datasets\raw\yoga\DATASET\TRAIN\warrior2\00000148.jpg,warrior2
D:\Projects\fitai\datasets\raw\yoga\DATASET\TRAIN\warrior2\00000287.png,warrior2
D:\Projects\fitai\datasets\raw\yoga\DATASET\TRAIN\warrior2\00000253.jpg,warrior2
D:\Projects\fitai\datasets\raw\yoga\DATASET\TRAIN\downdog\00000235.jpg,downdog
D:\Projects\fitai\datasets\raw\yoga\DATASET\TRAIN\downdog\00000392.jpg,downdog
D:\Projects\fitai\datasets\raw\yoga\DATASET\TRAIN\plank\00000364.jpg,plank
D:\Projects\fitai\datasets\raw\yoga\DATASET\TRAIN\downdog\00000350.jpg,downdog
D:\Projects\fitai\datasets\raw\yoga\DATASET\TRAIN\downdog\00000201.jpg,downdog
D:\Projects\fitai\datasets\raw\yoga\DATASET\TRAIN\plank\00000311.jpg,plank
D:\Projects\fitai\datasets\raw\yoga\DATASET\TRAIN\goddess\00000184.jpg,goddess
D:\Projects\fitai\datasets\raw\yoga\DATASET\TRAIN\downdog\00000210.jpg,downdog
D:\Projects\fitai\datasets\raw\yoga\DATASET\TRAIN\plank\00000189.jpg,plank
D:\Projects\fitai\datasets\raw\yoga\DATASET\TRAIN\goddess\00000198.jpg,goddess
D:\Projects\fitai\datasets\raw\yoga\DATASET\TRAIN\goddess\00000357.jpg,goddess
D:\Projects\fitai\datasets\raw\yoga\DATASET\TRAIN\downdog\00000222.jpg,downdog
D:\Projects\fitai\datasets\raw\yoga\DATASET\TRAIN\warrior2\00000345.jpg,warrior2
D:\Projects\fitai\datasets\raw\yoga\DATASET\TRAIN\warrior2\00000407.jpg,warrior2
D:\Projects\fitai\datasets\raw\yoga\DATASET\TRAIN\plank\00000381.jpg,plank
D:\Projects\fitai\datasets\raw\yoga\DATASET\TRAIN\tree\00000124.jpg,tree
D:\Projects\fitai\datasets\raw\yoga\DATASET\TRAIN\warrior2\00000191.jpg,warrior2
D:\Projects\fitai\datasets\raw\yoga\DATASET\TRAIN\plank\00000199.JPG,plank
D:\Projects\fitai\datasets\raw\yoga\DATASET\TRAIN\plank\00000269.jpg,plank
D:\Projects\fitai\datasets\raw\yoga\DATASET\TRAIN\goddess\00000385.jpg,goddess
D:\Projects\fitai\datasets\raw\yoga\DATASET\TRAIN\goddess\00000320.jpg,goddess
D:\Projects\fitai\datasets\raw\yoga\DATASET\TRAIN\plank\00000331.jpg,plank
D:\Projects\fitai\datasets\raw\yoga\DATASET\TRAIN\downdog\00000153.jpg,downdog
D:\Projects\fitai\datasets\raw\yoga\DATASET\TRAIN\downdog\00000416.jpg,downdog
D:\Projects\fitai\datasets\raw\yoga\DATASET\TRAIN\goddess\00000235.jpg,goddess
D:\Projects\fitai\datasets\raw\yoga\DATASET\TRAIN\warrior2\00000389.jpg,warrior2
D:\Projects\fitai\datasets\raw\yoga\DATASET\TRAIN\goddess\00000141.jpg,goddess
D:\Projects\fitai\datasets\raw\yoga\DATASET\TRAIN\downdog\00000147.jpg,downdog
D:\Projects\fitai\datasets\raw\yoga\DATASET\TRAIN\downdog\00000375.jpg,downdog
D:\Projects\fitai\datasets\raw\yoga\DATASET\TRAIN\downdog\00000324.jpg,downdog
D:\Projects\fitai\datasets\raw\yoga\DATASET\TRAIN\goddess\00000345.jpg,goddess
D:\Projects\fitai\datasets\raw\yoga\DATASET\TRAIN\plank\00000288.jpg,plank
D:\Projects\fitai\datasets\raw\yoga\DATASET\TRAIN\warrior2\00000366.jpg,warrior2
D:\Projects\fitai\datasets\raw\yoga\DATASET\TRAIN\plank\00000412.jpg,plank
D:\Projects\fitai\datasets\raw\yoga\DATASET\TRAIN\plank\00000228.jpg,plank
D:\Projects\fitai\datasets\raw\yoga\DATASET\TRAIN\goddess\00000100.jpg,goddess
D:\Projects\fitai\datasets\raw\yoga\DATASET\TRAIN\downdog\00000276.jpg,downdog
D:\Projects\fitai\datasets\raw\yoga\DATASET\TRAIN\plank\00000261.jpg,plank
D:\Projects\fitai\datasets\raw\yoga\DATASET\TRAIN\downdog\00000227.jpg,downdog
D:\Projects\fitai\datasets\raw\yoga\DATASET\TRAIN\warrior2\00000239.jpg,warrior2
D:\Projects\fitai\datasets\raw\yoga\DATASET\TRAIN\plank\00000338.jpg,plank
D:\Projects\fitai\datasets\raw\yoga\DATASET\TRAIN\plank\00000213.jpg,plank
D:\Projects\fitai\datasets\raw\yoga\DATASET\TRAIN\warrior2\00000150.jpg,warrior2
D:\Projects\fitai\datasets\raw\yoga\DATASET\TRAIN\goddess\00000327.jpg,goddess
D:\Projects\fitai\datasets\raw\yoga\DATASET\TRAIN\plank\00000341.jpg,plank
D:\Projects\fitai\datasets\raw\yoga\DATASET\TRAIN\tree\00000199.jpg,tree
D:\Projects\fitai\datasets\raw\yoga\DATASET\TRAIN\plank\00000332.jpg,plank
D:\Projects\fitai\datasets\raw\yoga\DATASET\TRAIN\warrior2\00000267.jpg,warrior2
D:\Projects\fitai\datasets\raw\yoga\DATASET\TRAIN\plank\00000255.jpg,plank
D:\Projects\fitai\datasets\raw\yoga\DATASET\TRAIN\plank\00000132.jpg,plank
D:\Projects\fitai\datasets\raw\yoga\DATASET\TRAIN\goddess\00000216.jpg,goddess
D:\Projects\fitai\datasets\raw\yoga\DATASET\TRAIN\plank\00000337.jpg,plank
D:\Projects\fitai\datasets\raw\yoga\DATASET\TRAIN\tree\00000182.jpg,tree
D:\Projects\fitai\datasets\raw\yoga\DATASET\TRAIN\plank\00000232.jpg,plank
D:\Projects\fitai\datasets\raw\yoga\DATASET\TRAIN\tree\00000121.jpg,tree
D:\Projects\fitai\datasets\raw\yoga\DATASET\TRAIN\goddess\00000286.jpg,goddess
D:\Projects\fitai\datasets\raw\yoga\DATASET\TRAIN\tree\00000131.png,tree
D:\Projects\fitai\datasets\raw\yoga\DATASET\TRAIN\downdog\00000376.jpg,downdog
D:\Projects\fitai\datasets\raw\yoga\DATASET\TRAIN\warrior2\00000225.jpg,warrior2
D:\Projects\fitai\datasets\raw\yoga\DATASET\TRAIN\warrior2\00000244.jpg,warrior2
D:\Projects\fitai\datasets\raw\yoga\DATASET\TRAIN\downdog\00000381.jpg,downdog
D:\Projects\fitai\datasets\raw\yoga\DATASET\TRAIN\goddess\00000129.jpg,goddess
D:\Projects\fitai\datasets\raw\yoga\DATASET\TRAIN\warrior2\00000255.jpg,warrior2
D:\Projects\fitai\datasets\raw\yoga\DATASET\TRAIN\plank\00000413.jpg,plank
D:\Projects\fitai\datasets\raw\yoga\DATASET\TRAIN\downdog\00000343.jpg,downdog
D:\Projects\fitai\datasets\raw\yoga\DATASET\TRAIN\goddess\00000308.jpg,goddess
D:\Projects\fitai\datasets\raw\yoga\DATASET\TRAIN\plank\00000222.jpg,plank
D:\Projects\fitai\datasets\raw\yoga\DATASET\TRAIN\plank\00000128.jpg,plank
D:\Projects\fitai\datasets\raw\yoga\DATASET\TRAIN\plank\00000404.jpg,plank
D:\Projects\fitai\datasets\raw\yoga\DATASET\TRAIN\tree\00000193.jpg,tree
D:\Projects\fitai\datasets\raw\yoga\DATASET\TRAIN\warrior2\00000240.jpg,warrior2
D:\Projects\fitai\datasets\raw\yoga\DATASET\TRAIN\plank\00000363.jpg,plank
D:\Projects\fitai\datasets\raw\yoga\DATASET\TRAIN\goddess\00000228.jpg,goddess
D:\Projects\fitai\datasets\raw\yoga\DATASET\TRAIN\goddess\00000114.jpg,goddess
D:\Projects\fitai\datasets\raw\yoga\DATASET\TRAIN\warrior2\00000429.jpg,warrior2
D:\Projects\fitai\datasets\raw\yoga\DATASET\TRAIN\tree\File66.jpg,tree
D:\Projects\fitai\datasets\raw\yoga\DATASET\TRAIN\warrior2\00000127.jpg,warrior2
D:\Projects\fitai\datasets\raw\yoga\DATASET\TRAIN\warrior2\00000123.png,warrior2
D:\Projects\fitai\datasets\raw\yoga\DATASET\TRAIN\goddess\00000163.jpg,goddess
D:\Projects\fitai\datasets\raw\yoga\DATASET\TRAIN\warrior2\00000223.jpg,warrior2
D:\Projects\fitai\datasets\raw\yoga\DATASET\TRAIN\downdog\00000328.jpg,downdog
D:\Projects\fitai\datasets\raw\yoga\DATASET\TRAIN\plank\00000402.jpg,plank
D:\Projects\fitai\datasets\raw\yoga\DATASET\TRAIN\tree\00000143.jpg,tree
D:\Projects\fitai\datasets\raw\yoga\DATASET\TRAIN\warrior2\00000194.jpg,warrior2
D:\Projects\fitai\datasets\raw\yoga\DATASET\TRAIN\goddess\00000165.jpg,goddess
D:\Projects\fitai\datasets\raw\yoga\DATASET\TRAIN\downdog\00000279.jpg,downdog
D:\Projects\fitai\datasets\raw\yoga\DATASET\TRAIN\goddess\00000401.jpg,goddess
D:\Projects\fitai\datasets\raw\yoga\DATASET\TRAIN\tree\00000130.jpg,tree
D:\Projects\fitai\datasets\raw\yoga\DATASET\TRAIN\warrior2\00000421.jpg,warrior2
D:\Projects\fitai\datasets\raw\yoga\DATASET\TRAIN\warrior2\00000323.jpg,warrior2
D:\Projects\fitai\datasets\raw\yoga\DATASET\TRAIN\downdog\00000240.jpg,downdog
D:\Projects\fitai\datasets\raw\yoga\DATASET\TRAIN\downdog\00000409.jpg,downdog
D:\Projects\fitai\datasets\raw\yoga\DATASET\TRAIN\goddess\00000101.jpg,goddess
D:\Projects\fitai\datasets\raw\yoga\DATASET\TRAIN\goddess\00000205.jpg,goddess
D:\Projects\fitai\datasets\raw\yoga\DATASET\TRAIN\tree\00000149.jpg,tree
D:\Projects\fitai\datasets\raw\yoga\DATASET\TRAIN\warrior2\00000218.jpg,warrior2
D:\Projects\fitai\datasets\raw\yoga\DATASET\TRAIN\warrior2\00000173.jpg,warrior2
D:\Projects\fitai\datasets\raw\yoga\DATASET\TRAIN\goddess\00000302.jpg,goddess
D:\Projects\fitai\datasets\raw\yoga\DATASET\TRAIN\goddess\00000217.jpg,goddess
D:\Projects\fitai\datasets\raw\yoga\DATASET\TRAIN\downdog\00000325.jpg,downdog
D:\Projects\fitai\datasets\raw\yoga\DATASET\TRAIN\plank\00000216.jpg,plank
D:\Projects\fitai\datasets\raw\yoga\DATASET\TRAIN\plank\00000264.jpg,plank
D:\Projects\fitai\datasets\raw\yoga\DATASET\TRAIN\warrior2\00000182.jpg,warrior2
D:\Projects\fitai\datasets\raw\yoga\DATASET\TRAIN\downdog\00000244.jpg,downdog
D:\Projects\fitai\datasets\raw\yoga\DATASET\TRAIN\goddess\00000310.jpg,goddess
D:\Projects\fitai\datasets\raw\yoga\DATASET\TRAIN\warrior2\00000373.jpg,warrior2
D:\Projects\fitai\datasets\raw\yoga\DATASET\TRAIN\goddess\00000291.jpg,goddess
D:\Projects\fitai\datasets\raw\yoga\DATASET\TRAIN\tree\00000073.jpg,tree
D:\Projects\fitai\datasets\raw\yoga\DATASET\TRAIN\goddess\00000150.jpg,goddess
D:\Projects\fitai\datasets\raw\yoga\DATASET\TRAIN\plank\00000241.jpg,plank
D:\Projects\fitai\datasets\raw\yoga\DATASET\TRAIN\goddess\00000143.jpg,goddess
D:\Projects\fitai\datasets\raw\yoga\DATASET\TRAIN\warrior2\00000206.jpg,warrior2
D:\Projects\fitai\datasets\raw\yoga\DATASET\TRAIN\tree\00000094.jpg,tree
D:\Projects\fitai\datasets\raw\yoga\DATASET\TRAIN\warrior2\00000196.jpg,warrior2
D:\Projects\fitai\datasets\raw\yoga\DATASET\TRAIN\warrior2\00000377.png,warrior2
D:\Projects\fitai\datasets\raw\yoga\DATASET\TRAIN\plank\00000384.jpg,plank
D:\Projects\fitai\datasets\raw\yoga\DATASET\TRAIN\downdog\00000172.jpg,downdog
D:\Projects\fitai\datasets\raw\yoga\DATASET\TRAIN\warrior2\00000278.jpg,warrior2
D:\Projects\fitai\datasets\raw\yoga\DATASET\TRAIN\goddess\00000276.jpg,goddess
D:\Projects\fitai\datasets\raw\yoga\DATASET\TRAIN\warrior2\00000419.jpg,warrior2
D:\Projects\fitai\datasets\raw\yoga\DATASET\TRAIN\tree\00000071.jpg,tree
D:\Projects\fitai\datasets\raw\yoga\DATASET\TRAIN\downdog\00000361.jpg,downdog
D:\Projects\fitai\datasets\raw\yoga\DATASET\TRAIN\downdog\00000128.jpg,downdog
D:\Projects\fitai\datasets\raw\yoga\DATASET\TRAIN\downdog\00000177.jpg,downdog
D:\Projects\fitai\datasets\raw\yoga\DATASET\TRAIN\plank\00000291.jpg,plank
D:\Projects\fitai\datasets\raw\yoga\DATASET\TRAIN\downdog\00000315.jpg,downdog
D:\Projects\fitai\datasets\raw\yoga\DATASET\TRAIN\plank\00000284.jpg,plank
D:\Projects\fitai\datasets\raw\yoga\DATASET\TRAIN\plank\00000325.jpg,plank
D:\Projects\fitai\datasets\raw\yoga\DATASET\TRAIN\goddess\00000269.jpg,goddess
D:\Projects\fitai\datasets\raw\yoga\DATASET\TRAIN\downdog\00000139.jpg,downdog
D:\Projects\fitai\datasets\raw\yoga\DATASET\TRAIN\plank\00000151.jpg,plank
D:\Projects\fitai\datasets\raw\yoga\DATASET\TRAIN\downdog\00000286.jpg,downdog
D:\Projects\fitai\datasets\raw\yoga\DATASET\TRAIN\tree\00000196.jpg,tree
D:\Projects\fitai\datasets\raw\yoga\DATASET\TRAIN\goddess\00000113.jpg,goddess
D:\Projects\fitai\datasets\raw\yoga\DATASET\TRAIN\downdog\00000369.png,downdog
D:\Projects\fitai\datasets\raw\yoga\DATASET\TRAIN\plank\00000230.jpg,plank
D:\Projects\fitai\datasets\raw\yoga\DATASET\TRAIN\downdog\00000229.jpg,downdog
D:\Projects\fitai\datasets\raw\yoga\DATASET\TRAIN\warrior2\00000353.jpg,warrior2
D:\Projects\fitai\datasets\raw\yoga\DATASET\TRAIN\tree\00000170.jpg,tree
D:\Projects\fitai\datasets\raw\yoga\DATASET\TRAIN\goddess\00000212.jpg,goddess
D:\Projects\fitai\datasets\raw\yoga\DATASET\TRAIN\tree\00000106.jpg,tree
D:\Projects\fitai\datasets\raw\yoga\DATASET\TRAIN\plank\00000133.jpg,plank
D:\Projects\fitai\datasets\raw\yoga\DATASET\TRAIN\goddess\00000299.jpg,goddess
D:\Projects\fitai\datasets\raw\yoga\DATASET\TRAIN\warrior2\00000258.jpg,warrior2
D:\Projects\fitai\datasets\raw\yoga\DATASET\TRAIN\downdog\00000174.jpg,downdog
D:\Projects\fitai\datasets\raw\yoga\DATASET\TRAIN\plank\00000356.jpg,plank
D:\Projects\fitai\datasets\raw\yoga\DATASET\TRAIN\plank\00000256.jpg,plank
D:\Projects\fitai\datasets\raw\yoga\DATASET\TRAIN\warrior2\00000202.jpg,warrior2
D:\Projects\fitai\datasets\raw\yoga\DATASET\TRAIN\plank\00000236.png,plank
D:\Projects\fitai\datasets\raw\yoga\DATASET\TRAIN\downdog\00000268.jpg,downdog
D:\Projects\fitai\datasets\raw\yoga\DATASET\TRAIN\goddess\00000192.jpg,goddess
D:\Projects\fitai\datasets\raw\yoga\DATASET\TRAIN\downdog\00000230.jpg,downdog
D:\Projects\fitai\datasets\raw\yoga\DATASET\TRAIN\downdog\00000291.jpg,downdog
D:\Projects\fitai\datasets\raw\yoga\DATASET\TRAIN\plank\00000208.jpg,plank
D:\Projects\fitai\datasets\raw\yoga\DATASET\TRAIN\plank\00000153.jpg,plank
D:\Projects\fitai\datasets\raw\yoga\DATASET\TRAIN\tree\00000142.jpg,tree
D:\Projects\fitai\datasets\raw\yoga\DATASET\TRAIN\downdog\00000360.jpg,downdog
D:\Projects\fitai\datasets\raw\yoga\DATASET\TRAIN\warrior2\00000344.jpg,warrior2
D:\Projects\fitai\datasets\raw\yoga\DATASET\TRAIN\goddess\00000125.jpg,goddess
D:\Projects\fitai\datasets\raw\yoga\DATASET\TRAIN\downdog\00000394.jpg,downdog
D:\Projects\fitai\datasets\raw\yoga\DATASET\TRAIN\goddess\00000160.jpg,goddess
D:\Projects\fitai\datasets\raw\yoga\DATASET\TRAIN\tree\00000180.jpg,tree
D:\Projects\fitai\datasets\raw\yoga\DATASET\TRAIN\plank\00000290.png,plank
D:\Projects\fitai\datasets\raw\yoga\DATASET\TRAIN\downdog\00000188.png,downdog
D:\Projects\fitai\datasets\raw\yoga\DATASET\TRAIN\warrior2\00000326.jpg,warrior2
D:\Projects\fitai\datasets\raw\yoga\DATASET\TRAIN\downdog\00000404.jpg,downdog
D:\Projects\fitai\datasets\raw\yoga\DATASET\TRAIN\plank\00000322.png,plank
D:\Projects\fitai\datasets\raw\yoga\DATASET\TRAIN\warrior2\00000331.png,warrior2
D:\Projects\fitai\datasets\raw\yoga\DATASET\TRAIN\downdog\00000216.jpg,downdog
D:\Projects\fitai\datasets\raw\yoga\DATASET\TRAIN\warrior2\00000372.jpg,warrior2
D:\Projects\fitai\datasets\raw\yoga\DATASET\TRAIN\goddess\00000280.jpg,goddess
D:\Projects\fitai\datasets\raw\yoga\DATASET\TRAIN\goddess\00000292.jpg,goddess
D:\Projects\fitai\datasets\raw\yoga\DATASET\TRAIN\tree\00000134.jpg,tree
D:\Projects\fitai\datasets\raw\yoga\DATASET\TRAIN\goddess\00000270.jpg,goddess
D:\Projects\fitai\datasets\raw\yoga\DATASET\TRAIN\goddess\00000289.png,goddess
D:\Projects\fitai\datasets\raw\yoga\DATASET\TRAIN\tree\00000107.jpg,tree
D:\Projects\fitai\datasets\raw\yoga\DATASET\TRAIN\tree\00000202.jpg,tree
D:\Projects\fitai\datasets\raw\yoga\DATASET\TRAIN\plank\00000289.jpg,plank
D:\Projects\fitai\datasets\raw\yoga\DATASET\TRAIN\tree\00000159.jpg,tree
D:\Projects\fitai\datasets\raw\yoga\DATASET\TRAIN\downdog\00000335.jpg,downdog
D:\Projects\fitai\datasets\raw\yoga\DATASET\TRAIN\plank\00000283.jpg,plank
D:\Projects\fitai\datasets\raw\yoga\DATASET\TRAIN\downdog\00000129.jpg,downdog
D:\Projects\fitai\datasets\raw\yoga\DATASET\TRAIN\goddess\00000230.jpg,goddess
D:\Projects\fitai\datasets\raw\yoga\DATASET\TRAIN\plank\00000254.jpg,plank
D:\Projects\fitai\datasets\raw\yoga\DATASET\TRAIN\goddess\00000102.jpg,goddess
D:\Projects\fitai\datasets\raw\yoga\DATASET\TRAIN\plank\00000419.jpg,plank
D:\Projects\fitai\datasets\raw\yoga\DATASET\TRAIN\warrior2\00000189.jpg,warrior2
D:\Projects\fitai\datasets\raw\yoga\DATASET\TRAIN\plank\00000248.jpg,plank
D:\Projects\fitai\datasets\raw\yoga\DATASET\TRAIN\tree\File73.jpg,tree
D:\Projects\fitai\datasets\raw\yoga\DATASET\TRAIN\warrior2\00000166.jpg,warrior2
D:\Projects\fitai\datasets\raw\yoga\DATASET\TRAIN\warrior2\00000408.jpg,warrior2
D:\Projects\fitai\datasets\raw\yoga\DATASET\TRAIN\tree\00000075.jpg,tree
D:\Projects\fitai\datasets\raw\yoga\DATASET\TRAIN\plank\00000403.jpg,plank
D:\Projects\fitai\datasets\raw\yoga\DATASET\TRAIN\goddess\00000304.jpg,goddess
D:\Projects\fitai\datasets\raw\yoga\DATASET\TRAIN\tree\00000167.jpg,tree
D:\Projects\fitai\datasets\raw\yoga\DATASET\TRAIN\tree\00000158.jpg,tree
D:\Projects\fitai\datasets\raw\yoga\DATASET\TRAIN\goddess\00000210.jpg,goddess
D:\Projects\fitai\datasets\raw\yoga\DATASET\TRAIN\plank\00000273.jpg,plank
D:\Projects\fitai\datasets\raw\yoga\DATASET\TRAIN\tree\00000084.jpg,tree
D:\Projects\fitai\datasets\raw\yoga\DATASET\TRAIN\downdog\00000133.jpg,downdog
D:\Projects\fitai\datasets\raw\yoga\DATASET\TRAIN\warrior2\00000250.png,warrior2
D:\Projects\fitai\datasets\raw\yoga\DATASET\TRAIN\goddess\00000224.jpg,goddess
D:\Projects\fitai\datasets\raw\yoga\DATASET\TRAIN\downdog\00000403.jpg,downdog
D:\Projects\fitai\datasets\raw\yoga\DATASET\TRAIN\downdog\00000425.jpg,downdog
D:\Projects\fitai\datasets\raw\yoga\DATASET\TRAIN\downdog\00000327.jpg,downdog
D:\Projects\fitai\datasets\raw\yoga\DATASET\TRAIN\downdog\00000213.jpg,downdog
D:\Projects\fitai\datasets\raw\yoga\DATASET\TRAIN\plank\00000370.jpg,plank
D:\Projects\fitai\datasets\raw\yoga\DATASET\TRAIN\plank\00000395.png,plank
D:\Projects\fitai\datasets\raw\yoga\DATASET\TRAIN\tree\00000195.jpg,tree
D:\Projects\fitai\datasets\raw\yoga\DATASET\TRAIN\warrior2\00000320.jpg,warrior2
D:\Projects\fitai\datasets\raw\yoga\DATASET\TRAIN\plank\00000366.jpg,plank
D:\Projects\fitai\datasets\raw\yoga\DATASET\TRAIN\downdog\00000137.jpg,downdog
D:\Projects\fitai\datasets\raw\yoga\DATASET\TRAIN\downdog\00000166.jpg,downdog
D:\Projects\fitai\datasets\raw\yoga\DATASET\TRAIN\plank\00000328.jpg,plank
D:\Projects\fitai\datasets\raw\yoga\DATASET\TRAIN\downdog\00000287.png,downdog
D:\Projects\fitai\datasets\raw\yoga\DATASET\TRAIN\plank\00000251.jpg,plank
D:\Projects\fitai\datasets\raw\yoga\DATASET\TRAIN\downdog\00000357.jpg,downdog
D:\Projects\fitai\datasets\raw\yoga\DATASET\TRAIN\plank\00000134.jpg,plank
D:\Projects\fitai\datasets\raw\yoga\DATASET\TRAIN\downdog\00000334.jpg,downdog
D:\Projects\fitai\datasets\raw\yoga\DATASET\TRAIN\warrior2\00000423.jpg,warrior2
D:\Projects\fitai\datasets\raw\yoga\DATASET\TRAIN\tree\00000163.jpg,tree
D:\Projects\fitai\datasets\raw\yoga\DATASET\TRAIN\warrior2\00000234.jpg,warrior2
D:\Projects\fitai\datasets\raw\yoga\DATASET\TRAIN\warrior2\00000297.jpg,warrior2
D:\Projects\fitai\datasets\raw\yoga\DATASET\TRAIN\goddess\00000377.jpg,goddess
D:\Projects\fitai\datasets\raw\yoga\DATASET\TRAIN\warrior2\00000272.jpg,warrior2
D:\Projects\fitai\datasets\raw\yoga\DATASET\TRAIN\goddess\00000111.jpg,goddess
D:\Projects\fitai\datasets\raw\yoga\DATASET\TRAIN\goddess\00000370.jpg,goddess
D:\Projects\fitai\datasets\raw\yoga\DATASET\TRAIN\warrior2\00000184.png,warrior2
D:\Projects\fitai\datasets\raw\yoga\DATASET\TRAIN\plank\00000202.jpg,plank
D:\Projects\fitai\datasets\raw\yoga\DATASET\TRAIN\warrior2\00000156.jpg,warrior2
D:\Projects\fitai\datasets\raw\yoga\DATASET\TRAIN\goddess\00000169.jpg,goddess
D:\Projects\fitai\datasets\raw\yoga\DATASET\TRAIN\goddess\00000117.jpg,goddess
D:\Projects\fitai\datasets\raw\yoga\DATASET\TRAIN\tree\00000181.jpg,tree
D:\Projects\fitai\datasets\raw\yoga\DATASET\TRAIN\warrior2\00000243.jpg,warrior2
D:\Projects\fitai\datasets\raw\yoga\DATASET\TRAIN\plank\00000214.jpg,plank
D:\Projects\fitai\datasets\raw\yoga\DATASET\TRAIN\goddess\00000127.png,goddess
D:\Projects\fitai\datasets\raw\yoga\DATASET\TRAIN\warrior2\00000434.jpg,warrior2
D:\Projects\fitai\datasets\raw\yoga\DATASET\TRAIN\plank\00000305.jpg,plank
D:\Projects\fitai\datasets\raw\yoga\DATASET\TRAIN\plank\00000221.jpg,plank
D:\Projects\fitai\datasets\raw\yoga\DATASET\TRAIN\warrior2\00000271.jpg,warrior2
D:\Projects\fitai\datasets\raw\yoga\DATASET\TRAIN\downdog\00000189.jpg,downdog
D:\Projects\fitai\datasets\raw\yoga\DATASET\TRAIN\goddess\00000173.jpg,goddess
D:\Projects\fitai\datasets\raw\yoga\DATASET\TRAIN\plank\00000225.jpg,plank
D:\Projects\fitai\datasets\raw\yoga\DATASET\TRAIN\tree\00000082.jpg,tree
D:\Projects\fitai\datasets\raw\yoga\DATASET\TRAIN\warrior2\00000195.jpeg,warrior2
D:\Projects\fitai\datasets\raw\yoga\DATASET\TRAIN\plank\00000426.jpg,plank
D:\Projects\fitai\datasets\raw\yoga\DATASET\TRAIN\plank\00000342.jpg,plank
D:\Projects\fitai\datasets\raw\yoga\DATASET\TRAIN\warrior2\00000328.jpg,warrior2
D:\Projects\fitai\datasets\raw\yoga\DATASET\TRAIN\warrior2\00000171.jpg,warrior2
D:\Projects\fitai\datasets\raw\yoga\DATASET\TRAIN\goddess\00000226.jpg,goddess
D:\Projects\fitai\datasets\raw\yoga\DATASET\TRAIN\downdog\00000288.jpg,downdog
D:\Projects\fitai\datasets\raw\yoga\DATASET\TRAIN\goddess\00000108.jpg,goddess
D:\Projects\fitai\datasets\raw\yoga\DATASET\TRAIN\warrior2\00000118.jpg,warrior2
D:\Projects\fitai\datasets\raw\yoga\DATASET\TRAIN\plank\00000184.jpg,plank
D:\Projects\fitai\datasets\raw\yoga\DATASET\TRAIN\warrior2\00000131.jpg,warrior2
D:\Projects\fitai\datasets\raw\yoga\DATASET\TRAIN\downdog\00000391.jpg,downdog
D:\Projects\fitai\datasets\raw\yoga\DATASET\TRAIN\tree\00000154.png,tree
D:\Projects\fitai\datasets\raw\yoga\DATASET\TRAIN\plank\00000252.jpg,plank
D:\Projects\fitai\datasets\raw\yoga\DATASET\TRAIN\plank\00000361.jpg,plank
D:\Projects\fitai\datasets\raw\yoga\DATASET\TRAIN\tree\00000101.jpg,tree
D:\Projects\fitai\datasets\raw\yoga\DATASET\TRAIN\goddess\00000336.jpg,goddess
D:\Projects\fitai\datasets\raw\yoga\DATASET\TRAIN\downdog\00000187.jpg,downdog
D:\Projects\fitai\datasets\raw\yoga\DATASET\TRAIN\tree\00000173.jpg,tree
D:\Projects\fitai\datasets\raw\yoga\DATASET\TRAIN\warrior2\00000294.jpg,warrior2
